Car_ID,Brand,Year,Mileage(km),Engine_Size(L),Fuel_Type,Transmission,Doors,Color,Condition,Accidents_Reported,Price(USD)
CAR0001,Honda,2020,102548,3.5,Petrol,Automatic,4,Blue,Poor,2,16790
CAR0002,Chevrolet,2021,150799,1.0,Hybrid,Manual,2,Grey,Excellent,2,20229
CAR0003,Volkswagen,2012,34579,1.0,Electric,Manual,4,Blue,Fair,2,17817
CAR0004,BMW,2015,96554,1.6,Petrol,Automatic,4,Silver,Excellent,1,47012
CAR0005,Ford,2006,147627,1.4,Petrol,Automatic,4,Silver,Excellent,0,10440
CAR0006,Toyota,2012,53294,2.5,Diesel,Automatic,4,Blue,Fair,2,19145
CAR0007,Ford,2016,49777,1.4,Petrol,Automatic,4,Black,Good,3,23686
CAR0008,Audi,2005,136978,1.0,Petrol,Manual,4,White,Fair,3,10995
CAR0009,Audi,2017,40751,4.0,Diesel,Automatic,4,Red,Good,3,52306
CAR0010,Chevrolet,2021,108750,1.2,Petrol,Automatic,2,Silver,Excellent,0,25167
CAR0011,Ford,2018,74180,4.0,Petrol,Automatic,4,White,Poor,2,12361
CAR0012,Ford,2018,31644,1.6,Electric,Manual,4,Red,Good,0,24797
CAR0013,BMW,2020,33521,1.0,Hybrid,Manual,2,Grey,Fair,2,36609
CAR0014,Chevrolet,2021,11564,1.0,Electric,Manual,4,Red,Good,0,24378
CAR0015,Chevrolet,2010,105155,3.0,Electric,Automatic,4,Silver,Good,2,15936
CAR0016,Honda,2011,158371,2.5,Petrol,Manual,4,Black,Good,3,16812
CAR0017,Mercedes,2005,179030,3.0,Petrol,Manual,4,Black,Excellent,2,23834
CAR0018,Chevrolet,2019,187150,1.6,Petrol,Automatic,4,White,Good,0,17875
CAR0019,Chevrolet,2022,144493,2.0,Electric,Manual,2,Grey,Good,2,23801
CAR0020,Hyundai,2017,88747,1.4,Hybrid,Manual,4,White,Good,1,18743
CAR0021,Volkswagen,2006,11202,3.0,Diesel,Manual,2,Blue,Good,2,24816
CAR0022,Volkswagen,2023,109407,1.6,Hybrid,Manual,4,Black,Good,3,27594
CAR0023,Nissan,2019,173257,1.4,Diesel,Manual,4,White,Excellent,2,20338
CAR0024,Ford,2016,134757,1.6,Petrol,Automatic,4,Blue,Good,1,18128
CAR0025,Toyota,2019,90197,2.0,Petrol,Automatic,4,Grey,Good,1,29272
CAR0026,Ford,2022,42637,2.5,Petrol,Automatic,4,Red,Excellent,1,32210
CAR0027,Honda,2018,149438,2.5,Petrol,Manual,4,White,Excellent,0,26298
CAR0028,Honda,2010,24276,1.6,Diesel,Automatic,4,Blue,Excellent,1,24949
CAR0029,Honda,2016,80946,3.0,Petrol,Manual,4,Black,Poor,0,16873
CAR0030,Mercedes,2010,179311,2.5,Diesel,Manual,4,Red,Fair,1,20498
CAR0031,Toyota,2013,75214,1.2,Diesel,Automatic,4,White,Excellent,0,24566
CAR0032,Volkswagen,2008,155647,3.0,Petrol,Manual,2,Black,Excellent,1,22382
CAR0033,BMW,2021,172473,3.5,Diesel,Manual,4,Red,Fair,1,35123
CAR0034,Volkswagen,2006,41230,1.8,Diesel,Automatic,2,Silver,Good,2,19718
CAR0035,Mercedes,2020,124086,1.6,Petrol,Automatic,4,Black,Fair,1,34897
CAR0036,Honda,2018,129526,1.6,Electric,Manual,4,Silver,Poor,2,14441
CAR0037,Mercedes,2012,199689,1.6,Diesel,Manual,4,Grey,Good,1,26320
CAR0038,Volkswagen,2018,154093,2.0,Diesel,Manual,4,White,Excellent,1,30460
CAR0039,BMW,2006,140521,1.6,Hybrid,Automatic,4,Blue,Fair,2,14836
CAR0040,Nissan,2020,146729,2.5,Hybrid,Manual,4,White,Poor,2,14434
CAR0041,Toyota,2008,35059,2.5,Hybrid,Manual,4,Black,Good,0,23909
CAR0042,Mercedes,2005,1532,1.8,Petrol,Automatic,4,Silver,Good,3,33573
CAR0043,Volkswagen,2018,102666,1.8,Petrol,Automatic,4,Silver,Good,2,26616
CAR0044,Toyota,2012,181877,4.0,Petrol,Manual,4,Red,Good,0,21700
CAR0045,Volkswagen,2007,81551,3.0,Petrol,Manual,4,White,Fair,1,14202
CAR0046,Volkswagen,2009,168828,2.5,Hybrid,Automatic,4,White,Poor,2,11664
CAR0047,BMW,2010,71880,2.5,Diesel,Automatic,4,Black,Good,2,34224
CAR0048,Nissan,2012,106734,2.0,Petrol,Manual,4,Silver,Fair,1,14108
CAR0049,Toyota,2010,113997,2.5,Petrol,Manual,4,Black,Excellent,1,20372
CAR0050,Honda,2010,165278,2.5,Petrol,Manual,4,Black,Excellent,1,19210
CAR0051,Toyota,2008,52168,4.0,Diesel,Manual,4,Grey,Good,1,25064
CAR0052,Chevrolet,2011,113123,1.2,Diesel,Automatic,4,Silver,Excellent,3,14660
CAR0053,Honda,2023,155622,4.0,Hybrid,Manual,4,Black,Good,2,25997
CAR0054,Toyota,2011,137461,1.2,Hybrid,Automatic,4,Silver,Good,1,14992
CAR0055,Hyundai,2007,87897,4.0,Petrol,Automatic,4,Black,Fair,1,14437
CAR0056,Hyundai,2012,166919,2.5,Petrol,Automatic,4,Blue,Fair,3,10400
CAR0057,Volkswagen,2005,104599,4.0,Petrol,Manual,4,Black,Good,2,19654
CAR0058,Honda,2005,79239,2.5,Petrol,Automatic,4,Black,Excellent,0,18730
CAR0059,Toyota,2018,18642,2.5,Hybrid,Manual,4,Blue,Good,2,28446
CAR0060,Volkswagen,2010,106862,1.8,Diesel,Automatic,4,White,Poor,0,13870
CAR0061,Ford,2014,36509,1.0,Diesel,Automatic,2,Silver,Good,3,16695
CAR0062,Volkswagen,2018,79417,1.2,Diesel,Manual,4,Red,Excellent,1,31777
CAR0063,Mercedes,2008,49237,3.5,Petrol,Manual,4,Blue,Excellent,3,43982
CAR0064,Hyundai,2010,146486,3.0,Petrol,Manual,2,White,Good,2,15798
CAR0065,Ford,2020,63176,3.0,Diesel,Automatic,4,Black,Excellent,1,32674
CAR0066,Audi,2005,128633,4.0,Diesel,Automatic,4,Grey,Fair,2,20397
CAR0067,Mercedes,2010,79865,1.0,Petrol,Automatic,2,White,Fair,0,26887
CAR0068,Honda,2013,117181,2.0,Diesel,Automatic,4,Blue,Good,2,16680
CAR0069,Volkswagen,2019,62059,3.5,Electric,Manual,4,Grey,Good,3,33597
CAR0070,Hyundai,2016,49150,3.0,Petrol,Automatic,4,Black,Excellent,3,24317
CAR0071,Nissan,2007,88367,1.4,Diesel,Automatic,4,White,Poor,3,8126
CAR0072,Hyundai,2015,41091,1.6,Petrol,Automatic,4,Red,Good,1,21492
CAR0073,BMW,2019,903,1.4,Diesel,Automatic,4,Silver,Good,2,51493
CAR0074,Hyundai,2007,54235,2.0,Electric,Automatic,4,Silver,Good,1,14469
CAR0075,Nissan,2018,189637,3.5,Hybrid,Automatic,4,Blue,Good,2,22435
CAR0076,Nissan,2006,55342,3.0,Petrol,Automatic,4,Black,Good,0,17357
CAR0077,Volkswagen,2008,173795,4.0,Petrol,Automatic,4,Black,Good,2,16992
CAR0078,Honda,2023,35572,1.6,Petrol,Automatic,4,Silver,Good,2,30499
CAR0079,Nissan,2016,17610,1.2,Petrol,Automatic,4,White,Good,2,22317
CAR0080,Hyundai,2006,34052,3.0,Diesel,Automatic,4,Black,Good,2,17552
CAR0081,Honda,2021,98993,3.0,Hybrid,Automatic,4,Red,Excellent,0,34126
CAR0082,Toyota,2007,87063,2.0,Petrol,Manual,4,Red,Good,1,15450
CAR0083,Hyundai,2014,168622,3.0,Petrol,Manual,4,Black,Good,3,13576
CAR0084,Chevrolet,2020,185105,3.5,Petrol,Manual,4,Black,Good,2,22211
CAR0085,Volkswagen,2013,160083,1.0,Diesel,Automatic,4,Silver,Poor,3,4868
CAR0086,Mercedes,2015,165836,3.5,Petrol,Automatic,4,Blue,Excellent,3,43515
CAR0087,Volkswagen,2019,97540,1.2,Petrol,Automatic,4,Silver,Excellent,3,32442
CAR0088,Nissan,2007,53533,1.0,Diesel,Manual,4,Blue,Excellent,3,15395
CAR0089,Audi,2020,155136,3.0,Petrol,Manual,4,Red,Good,2,42388
CAR0090,BMW,2016,123989,3.0,Diesel,Manual,4,Blue,Good,3,40722
CAR0091,Chevrolet,2009,180653,1.6,Electric,Manual,4,Silver,Fair,2,7216
CAR0092,Nissan,2011,120388,3.0,Petrol,Automatic,4,Black,Excellent,0,20259
CAR0093,Hyundai,2013,28702,2.5,Diesel,Manual,4,Blue,Good,1,19679
CAR0094,Honda,2022,123482,1.2,Diesel,Automatic,4,Silver,Fair,1,18039
CAR0095,Chevrolet,2012,8631,1.8,Diesel,Automatic,4,Red,Poor,2,12243
CAR0096,Audi,2016,87388,4.0,Petrol,Automatic,2,Grey,Poor,2,27383
CAR0097,Mercedes,2006,124798,1.6,Petrol,Automatic,4,Blue,Fair,1,17277
CAR0098,Honda,2014,70043,1.4,Electric,Manual,2,Red,Poor,3,11025
CAR0099,BMW,2023,197135,1.0,Electric,Manual,4,Red,Excellent,2,43006
CAR0100,Ford,2013,160053,1.8,Petrol,Automatic,4,White,Excellent,3,16286
CAR0101,BMW,2012,35764,4.0,Petrol,Automatic,4,Grey,Excellent,2,52757
CAR0102,Volkswagen,2005,181585,3.0,Petrol,Manual,4,Blue,Fair,2,12301
CAR0103,Chevrolet,2010,129014,3.5,Petrol,Manual,4,Silver,Poor,0,11808
CAR0104,Volkswagen,2016,113076,2.5,Diesel,Manual,2,Blue,Excellent,0,32051
CAR0105,Nissan,2023,99007,1.0,Petrol,Manual,4,Blue,Good,1,24871
CAR0106,Toyota,2021,197270,1.0,Petrol,Automatic,2,Grey,Fair,0,16293
CAR0107,Nissan,2006,24940,1.0,Electric,Automatic,2,Red,Poor,0,10528
CAR0108,Mercedes,2015,107418,1.2,Petrol,Manual,2,Red,Good,1,36544
CAR0109,Chevrolet,2022,71792,1.0,Electric,Automatic,4,Red,Poor,3,12710
CAR0110,Toyota,2015,159504,1.6,Diesel,Automatic,4,Red,Good,0,17198
CAR0111,Honda,2022,8367,4.0,Petrol,Manual,4,Grey,Good,3,34796
CAR0112,Toyota,2012,111764,3.5,Diesel,Automatic,4,Silver,Good,1,23249
CAR0113,Mercedes,2019,156583,1.6,Diesel,Automatic,2,Black,Good,2,40836
CAR0114,Hyundai,2013,8573,1.6,Petrol,Automatic,4,White,Excellent,3,21233
CAR0115,Volkswagen,2019,15582,2.5,Petrol,Automatic,2,Red,Fair,1,26175
CAR0116,Audi,2011,136450,3.5,Diesel,Automatic,4,Red,Fair,3,25436
CAR0117,Nissan,2017,65296,2.5,Hybrid,Manual,2,White,Fair,1,20172
CAR0118,Chevrolet,2017,144572,1.0,Diesel,Automatic,4,Red,Good,1,14438
CAR0119,Mercedes,2005,65841,1.0,Petrol,Automatic,4,Black,Good,2,21936
CAR0120,Ford,2008,21881,1.6,Diesel,Manual,4,Blue,Good,3,15160
CAR0121,Audi,2008,70233,1.6,Petrol,Automatic,4,White,Excellent,2,31682
CAR0122,Mercedes,2008,182614,1.0,Diesel,Automatic,4,Silver,Good,2,19995
CAR0123,Ford,2017,65285,2.0,Diesel,Manual,2,White,Excellent,3,23657
CAR0124,Ford,2006,59547,4.0,Diesel,Automatic,4,Black,Excellent,3,21156
CAR0125,Ford,2019,193223,1.2,Electric,Manual,4,Grey,Fair,1,10652
CAR0126,Hyundai,2008,138294,1.8,Diesel,Automatic,2,Silver,Excellent,3,12719
CAR0127,Toyota,2010,7933,3.0,Diesel,Manual,4,Blue,Poor,1,17698
CAR0128,BMW,2007,83385,1.4,Petrol,Automatic,2,Red,Good,1,26827
CAR0129,Nissan,2011,98706,3.5,Electric,Manual,4,White,Poor,1,11316
CAR0130,Ford,2010,138012,2.5,Hybrid,Manual,4,Silver,Excellent,1,19729
CAR0131,Mercedes,2007,84590,3.5,Petrol,Manual,4,White,Good,1,36527
CAR0132,Honda,2008,106399,1.0,Diesel,Automatic,4,Blue,Good,1,14214
CAR0133,Honda,2014,59145,1.8,Petrol,Automatic,2,White,Fair,3,15261
CAR0134,Chevrolet,2013,174682,1.4,Electric,Automatic,4,Silver,Good,3,12374
CAR0135,Volkswagen,2010,57520,1.6,Diesel,Automatic,4,Black,Good,0,22161
CAR0136,Ford,2015,4544,1.6,Petrol,Automatic,4,Grey,Fair,3,17806
CAR0137,Mercedes,2011,54812,2.5,Hybrid,Manual,4,Silver,Good,2,40385
CAR0138,Ford,2022,182572,4.0,Petrol,Automatic,4,White,Excellent,0,31638
CAR0139,Hyundai,2008,170690,3.0,Electric,Manual,4,Blue,Good,3,10114
CAR0140,Volkswagen,2009,119090,4.0,Diesel,Automatic,4,Red,Good,2,22470
CAR0141,Ford,2008,99054,1.8,Petrol,Automatic,2,Red,Good,3,14042
CAR0142,Nissan,2008,156516,4.0,Petrol,Manual,4,Blue,Good,1,16420
CAR0143,Honda,2017,187658,2.5,Petrol,Manual,2,White,Excellent,0,24379
CAR0144,Ford,2020,155861,1.4,Diesel,Automatic,4,Grey,Good,1,19496
CAR0145,Nissan,2018,132689,1.4,Diesel,Manual,4,Blue,Fair,0,17006
CAR0146,Nissan,2015,100834,1.4,Petrol,Manual,4,White,Good,0,21764
CAR0147,Toyota,2006,134405,1.6,Petrol,Manual,2,Silver,Good,1,15461
CAR0148,Nissan,2018,40002,2.0,Petrol,Automatic,4,Grey,Excellent,0,28992
CAR0149,Volkswagen,2011,194692,1.8,Diesel,Automatic,4,Black,Excellent,0,16960
CAR0150,Honda,2015,131583,3.0,Diesel,Manual,2,White,Excellent,3,24460
CAR0151,Chevrolet,2008,112850,1.8,Petrol,Manual,4,Red,Good,2,12603
CAR0152,Hyundai,2011,130011,1.8,Diesel,Automatic,4,Red,Good,1,14083
CAR0153,Honda,2020,168922,4.0,Petrol,Automatic,2,Grey,Poor,3,13499
CAR0154,Mercedes,2010,121548,1.2,Hybrid,Manual,4,Black,Excellent,3,29231
CAR0155,Chevrolet,2010,31786,1.8,Hybrid,Manual,4,White,Good,1,17613
CAR0156,Nissan,2006,36244,2.5,Diesel,Automatic,4,Black,Good,0,20213
CAR0157,Ford,2012,67261,1.2,Hybrid,Automatic,4,Silver,Good,1,17994
CAR0158,Toyota,2011,18477,2.0,Electric,Automatic,4,Black,Fair,2,19544
CAR0159,Chevrolet,2018,177605,2.5,Electric,Automatic,4,Silver,Excellent,2,19362
CAR0160,Mercedes,2013,165541,1.8,Diesel,Manual,4,Red,Excellent,1,37905
CAR0161,Mercedes,2019,8496,3.5,Petrol,Manual,4,Silver,Good,3,59030
CAR0162,Chevrolet,2022,120522,1.6,Petrol,Manual,4,White,Good,1,23624
CAR0163,Toyota,2016,143342,4.0,Petrol,Manual,2,Grey,Excellent,2,29372
CAR0164,Nissan,2023,20724,1.0,Diesel,Automatic,2,Grey,Good,1,28753
CAR0165,Volkswagen,2017,30416,3.0,Petrol,Automatic,4,White,Good,0,35544
CAR0166,Mercedes,2011,35575,3.0,Petrol,Automatic,4,White,Good,1,45741
CAR0167,Nissan,2014,76614,2.5,Diesel,Manual,2,White,Excellent,3,28506
CAR0168,Volkswagen,2014,93566,3.0,Petrol,Automatic,2,Blue,Good,0,29184
CAR0169,Volkswagen,2006,148480,1.2,Diesel,Automatic,4,Silver,Good,2,12267
CAR0170,Mercedes,2018,127192,1.4,Hybrid,Manual,4,White,Good,1,42414
CAR0171,Chevrolet,2017,19359,3.5,Diesel,Automatic,4,Grey,Poor,3,15306
CAR0172,Volkswagen,2010,139770,1.0,Diesel,Manual,4,Black,Excellent,3,16877
CAR0173,Ford,2013,170564,3.0,Diesel,Manual,4,Black,Poor,2,9645
CAR0174,Honda,2017,43634,3.0,Diesel,Automatic,4,Blue,Good,1,30321
CAR0175,Hyundai,2013,117255,2.5,Petrol,Automatic,4,Silver,Fair,3,14472
CAR0176,Mercedes,2017,42864,1.8,Hybrid,Manual,2,Silver,Good,0,47241
CAR0177,Audi,2009,94482,1.6,Petrol,Manual,4,Silver,Good,1,24713
CAR0178,Volkswagen,2018,37355,4.0,Petrol,Automatic,4,Grey,Fair,2,30693
CAR0179,BMW,2009,37690,4.0,Electric,Automatic,4,Grey,Fair,0,33818
CAR0180,Ford,2013,168886,4.0,Petrol,Automatic,2,Blue,Excellent,1,19607
CAR0181,Audi,2012,162717,4.0,Petrol,Manual,4,Silver,Excellent,3,34979
CAR0182,Nissan,2011,56630,2.0,Petrol,Manual,4,Silver,Good,2,22071
CAR0183,Hyundai,2012,179243,1.0,Petrol,Manual,2,White,Poor,2,7080
CAR0184,Toyota,2007,21658,1.8,Petrol,Manual,4,Silver,Good,1,19036
CAR0185,Volkswagen,2019,15797,1.6,Petrol,Manual,4,Grey,Good,2,31601
CAR0186,Toyota,2012,58799,1.6,Diesel,Manual,4,White,Fair,0,18439
CAR0187,Hyundai,2005,118301,2.5,Electric,Automatic,4,White,Fair,1,10630
CAR0188,Ford,2011,52236,3.5,Petrol,Manual,4,Silver,Good,0,22537
CAR0189,Ford,2023,6265,3.0,Hybrid,Automatic,4,Black,Good,2,30553
CAR0190,Hyundai,2006,125611,3.0,Petrol,Manual,4,Red,Poor,2,8483
CAR0191,Ford,2018,184566,1.8,Petrol,Automatic,2,Grey,Good,2,17144
CAR0192,Volkswagen,2022,121754,2.0,Petrol,Manual,4,Black,Fair,0,25164
CAR0193,Hyundai,2019,183340,1.2,Diesel,Automatic,4,Silver,Good,2,16777
CAR0194,Mercedes,2018,158070,1.4,Petrol,Manual,2,Silver,Good,1,34558
CAR0195,BMW,2023,91426,1.8,Diesel,Automatic,4,Black,Good,3,49482
CAR0196,Nissan,2023,192411,1.2,Electric,Automatic,4,Silver,Excellent,1,25322
CAR0197,Honda,2021,145378,1.4,Diesel,Automatic,4,Grey,Fair,3,15129
CAR0198,Chevrolet,2023,195078,1.6,Diesel,Manual,4,White,Good,2,16506
CAR0199,BMW,2020,178417,2.0,Hybrid,Automatic,4,Blue,Good,1,38095
CAR0200,Honda,2023,142957,1.8,Petrol,Automatic,2,Silver,Good,0,27419
CAR0201,Chevrolet,2005,109681,4.0,Petrol,Manual,2,Silver,Good,3,14141
CAR0202,Toyota,2023,43826,1.6,Diesel,Automatic,4,Black,Good,0,36005
CAR0203,BMW,2011,55597,1.2,Diesel,Automatic,4,White,Good,3,32831
CAR0204,Audi,2015,138515,1.8,Petrol,Automatic,4,Black,Good,2,29747
CAR0205,BMW,2009,97375,1.8,Petrol,Automatic,4,Grey,Fair,1,23204
CAR0206,Ford,2021,17084,2.5,Diesel,Automatic,4,Black,Fair,3,19930
CAR0207,Volkswagen,2015,89447,1.0,Petrol,Automatic,4,Silver,Good,1,23564
CAR0208,Volkswagen,2012,4383,1.6,Petrol,Manual,4,White,Good,3,28010
CAR0209,Honda,2014,92313,1.8,Hybrid,Automatic,2,Grey,Good,3,20532
CAR0210,Ford,2016,34361,3.0,Electric,Automatic,4,Silver,Good,2,23996
CAR0211,Toyota,2014,80294,3.0,Diesel,Automatic,4,Grey,Fair,3,19771
CAR0212,Volkswagen,2017,61331,1.0,Diesel,Automatic,4,Silver,Good,0,27073
CAR0213,Nissan,2022,95057,1.8,Hybrid,Manual,4,Silver,Good,3,20901
CAR0214,Toyota,2014,151601,4.0,Petrol,Manual,4,Silver,Good,3,20631
CAR0215,Ford,2023,189646,1.0,Petrol,Manual,4,Blue,Good,3,19109
CAR0216,Ford,2021,121685,1.0,Diesel,Manual,4,Red,Excellent,2,25467
CAR0217,Honda,2020,96917,1.2,Electric,Manual,4,White,Good,1,27558
CAR0218,Mercedes,2009,30932,1.2,Petrol,Automatic,4,Blue,Excellent,1,41343
CAR0219,Volkswagen,2007,1908,3.5,Hybrid,Manual,4,Red,Poor,2,17344
CAR0220,Ford,2019,161430,1.6,Diesel,Automatic,2,Grey,Fair,0,17154
CAR0221,Ford,2006,30412,1.4,Petrol,Automatic,4,Red,Fair,0,14386
CAR0222,Nissan,2017,128319,1.0,Petrol,Manual,4,Red,Poor,2,12163
CAR0223,BMW,2012,83710,1.2,Petrol,Manual,4,Blue,Good,1,33796
CAR0224,BMW,2021,2928,2.0,Electric,Automatic,4,White,Fair,0,47193
CAR0225,Ford,2008,65158,3.5,Hybrid,Automatic,4,Black,Excellent,2,20449
CAR0226,Toyota,2023,161704,1.8,Petrol,Automatic,4,Red,Excellent,1,27077
CAR0227,Nissan,2013,32309,1.6,Hybrid,Automatic,4,Black,Fair,0,19363
CAR0228,Toyota,2019,9280,1.8,Electric,Automatic,4,Black,Excellent,0,37672
CAR0229,Chevrolet,2013,40449,3.5,Diesel,Automatic,2,Silver,Poor,2,11647
CAR0230,Mercedes,2013,26957,2.5,Diesel,Automatic,4,Black,Good,1,44905
CAR0231,BMW,2018,167967,3.0,Petrol,Automatic,4,Grey,Fair,0,33318
CAR0232,BMW,2020,70499,1.6,Diesel,Automatic,4,Grey,Excellent,2,54692
CAR0233,Nissan,2021,93057,3.0,Petrol,Manual,4,Silver,Good,0,29927
CAR0234,Hyundai,2017,110065,2.0,Diesel,Automatic,4,White,Excellent,1,21575
CAR0235,Toyota,2013,152767,1.8,Petrol,Automatic,2,White,Fair,3,11685
CAR0236,Volkswagen,2019,74893,2.5,Electric,Automatic,2,Grey,Excellent,0,38892
CAR0237,Nissan,2011,194195,2.0,Electric,Manual,4,Silver,Good,1,13399
CAR0238,Honda,2005,25176,1.4,Petrol,Manual,4,White,Excellent,0,21563
CAR0239,Hyundai,2005,149481,1.8,Petrol,Manual,4,Red,Excellent,3,8630
CAR0240,Audi,2009,56967,3.5,Diesel,Manual,4,White,Good,3,36707
CAR0241,Toyota,2013,987,2.5,Diesel,Manual,4,Silver,Excellent,0,33274
CAR0242,Hyundai,2016,185534,1.6,Petrol,Automatic,4,Grey,Fair,2,10076
CAR0243,Nissan,2010,198573,2.5,Diesel,Manual,4,Red,Excellent,0,17574
CAR0244,Volkswagen,2017,96854,1.8,Petrol,Manual,4,Black,Good,1,25739
CAR0245,Honda,2012,26015,1.2,Petrol,Manual,4,Black,Good,2,21295
CAR0246,Mercedes,2019,112350,2.0,Petrol,Automatic,4,Black,Good,1,46172
CAR0247,Hyundai,2010,66404,2.5,Petrol,Manual,4,Grey,Good,1,17631
CAR0248,Mercedes,2010,116751,3.0,Electric,Manual,4,Silver,Fair,2,29013
CAR0249,Ford,2008,128807,2.0,Hybrid,Automatic,4,Black,Excellent,3,14802
CAR0250,BMW,2015,181353,3.0,Petrol,Automatic,2,White,Excellent,1,41140
CAR0251,Chevrolet,2022,168218,2.5,Diesel,Manual,4,Black,Good,0,23276
CAR0252,BMW,2007,48231,1.2,Petrol,Manual,4,Blue,Good,3,30243
CAR0253,Audi,2007,160104,2.0,Diesel,Manual,2,Grey,Good,3,21208
CAR0254,Volkswagen,2016,28305,3.5,Petrol,Automatic,4,Blue,Good,2,35040
CAR0255,Honda,2010,54306,2.0,Diesel,Manual,4,Black,Fair,0,18171
CAR0256,Mercedes,2010,121139,1.6,Hybrid,Automatic,4,Black,Excellent,0,34369
CAR0257,Nissan,2012,18318,2.5,Petrol,Manual,2,Blue,Good,3,22210
CAR0258,Mercedes,2019,144318,1.4,Electric,Automatic,4,Grey,Good,1,41543
CAR0259,Volkswagen,2022,164916,1.8,Petrol,Manual,4,Grey,Good,1,29522
CAR0260,Nissan,2020,163674,1.0,Petrol,Manual,4,Black,Poor,0,13827
CAR0261,Nissan,2010,21584,4.0,Petrol,Automatic,4,Grey,Good,3,24392
CAR0262,Audi,2021,15169,1.4,Petrol,Manual,4,Red,Poor,3,31039
CAR0263,Volkswagen,2013,25968,3.0,Petrol,Manual,4,Grey,Good,3,28718
CAR0264,Hyundai,2023,137457,3.5,Petrol,Automatic,4,Blue,Excellent,2,30480
CAR0265,BMW,2022,122684,3.5,Petrol,Automatic,4,Silver,Excellent,0,62331
CAR0266,Ford,2009,115391,4.0,Petrol,Manual,4,Blue,Good,0,20075
CAR0267,Mercedes,2010,25444,1.2,Diesel,Automatic,4,White,Good,1,38163
CAR0268,Hyundai,2016,106081,1.6,Hybrid,Automatic,4,Red,Excellent,1,22345
CAR0269,Ford,2015,62497,1.8,Petrol,Automatic,4,Silver,Good,0,21239
CAR0270,Honda,2020,5362,1.4,Petrol,Automatic,2,Black,Good,0,31609
CAR0271,Chevrolet,2021,99254,1.0,Petrol,Automatic,4,White,Excellent,1,26600
CAR0272,Mercedes,2013,139322,2.0,Hybrid,Manual,4,White,Good,0,35507
CAR0273,Audi,2005,68354,4.0,Diesel,Automatic,4,Red,Fair,1,23068
CAR0274,Ford,2007,36368,1.2,Diesel,Manual,4,Silver,Good,0,13943
CAR0275,Nissan,2013,44109,3.5,Petrol,Manual,4,White,Fair,2,18128
CAR0276,Hyundai,2023,188717,1.0,Petrol,Manual,4,Silver,Good,2,17999
CAR0277,BMW,2017,188069,3.5,Petrol,Manual,4,Silver,Good,3,36406
CAR0278,Audi,2018,27426,2.5,Hybrid,Automatic,4,Grey,Excellent,0,57719
CAR0279,Mercedes,2023,117632,4.0,Hybrid,Automatic,4,White,Good,1,60872
CAR0280,Volkswagen,2011,112637,1.2,Petrol,Automatic,4,Silver,Good,0,21882
CAR0281,Hyundai,2008,39023,2.0,Diesel,Manual,4,Red,Good,0,18009
CAR0282,Audi,2016,122268,3.0,Petrol,Manual,4,White,Excellent,3,45533
CAR0283,Chevrolet,2018,190339,1.2,Petrol,Automatic,4,Red,Excellent,1,17699
CAR0284,Mercedes,2006,155964,1.8,Hybrid,Automatic,4,Red,Fair,0,17407
CAR0285,Honda,2005,190304,2.0,Diesel,Manual,2,Silver,Good,1,7408
CAR0286,BMW,2022,109211,1.4,Petrol,Manual,4,Silver,Good,0,48501
CAR0287,Honda,2012,94897,1.2,Petrol,Automatic,4,Grey,Good,3,19716
CAR0288,Ford,2007,190297,2.0,Electric,Manual,4,Grey,Fair,1,7101
CAR0289,Volkswagen,2010,147079,1.4,Diesel,Automatic,4,White,Good,0,14080
CAR0290,Ford,2017,79777,1.2,Diesel,Automatic,4,Grey,Good,2,18827
CAR0291,BMW,2013,44858,1.0,Petrol,Manual,4,Black,Poor,1,21074
CAR0292,Hyundai,2013,176145,3.0,Petrol,Manual,4,White,Fair,3,8997
CAR0293,Ford,2013,90042,1.0,Hybrid,Manual,4,Red,Excellent,2,17500
CAR0294,Volkswagen,2019,83098,1.8,Diesel,Manual,2,Grey,Excellent,1,34897
CAR0295,Toyota,2017,20239,2.0,Petrol,Automatic,4,Grey,Fair,1,24467
CAR0296,Toyota,2020,194041,1.4,Diesel,Automatic,4,Grey,Fair,1,13789
CAR0297,Audi,2006,144137,2.5,Electric,Automatic,2,Silver,Good,1,21510
CAR0298,Audi,2018,110951,1.2,Petrol,Automatic,4,Red,Good,0,37885
CAR0299,Mercedes,2010,41291,2.5,Petrol,Manual,4,Grey,Good,0,40077
CAR0300,Audi,2006,38805,1.2,Diesel,Automatic,2,Blue,Good,1,27195
CAR0301,Chevrolet,2012,98831,1.8,Diesel,Automatic,4,Blue,Good,3,15141
CAR0302,Audi,2008,149515,2.5,Diesel,Automatic,2,Red,Excellent,0,28504
CAR0303,Chevrolet,2018,9290,1.4,Hybrid,Manual,4,Grey,Poor,1,13213
CAR0304,Audi,2015,131283,1.6,Petrol,Automatic,4,Black,Fair,1,26314
CAR0305,Honda,2018,83634,1.0,Petrol,Automatic,4,Black,Good,3,20833
CAR0306,Nissan,2016,19072,1.4,Hybrid,Manual,4,White,Good,3,20646
CAR0307,Chevrolet,2020,43290,3.5,Petrol,Manual,4,White,Excellent,3,31315
CAR0308,Hyundai,2010,85186,4.0,Diesel,Automatic,2,Grey,Good,2,17008
CAR0309,Mercedes,2005,15115,1.8,Diesel,Manual,4,White,Good,1,30634
CAR0310,BMW,2016,5149,3.0,Diesel,Automatic,4,Silver,Good,3,50970
CAR0311,Chevrolet,2011,41992,1.2,Petrol,Automatic,2,Black,Good,1,17448
CAR0312,Ford,2012,17716,1.4,Electric,Automatic,4,Red,Good,0,20088
CAR0313,Nissan,2013,97724,2.5,Electric,Automatic,4,Grey,Fair,1,16754
CAR0314,Honda,2006,13621,4.0,Diesel,Automatic,4,Grey,Excellent,1,27752
CAR0315,Toyota,2021,137892,1.6,Diesel,Manual,4,Blue,Good,2,25275
CAR0316,Honda,2017,113065,3.5,Petrol,Manual,4,Black,Fair,0,22100
CAR0317,Audi,2009,173872,2.5,Petrol,Automatic,4,Black,Good,0,22252
CAR0318,Mercedes,2014,186115,1.0,Petrol,Automatic,4,Black,Good,2,28638
CAR0319,Nissan,2016,30399,1.6,Petrol,Manual,2,White,Good,3,23916
CAR0320,Ford,2021,119374,4.0,Hybrid,Manual,4,Silver,Poor,3,13177
CAR0321,Chevrolet,2010,145074,2.0,Electric,Automatic,4,Red,Excellent,1,15841
CAR0322,Honda,2007,43098,2.0,Diesel,Automatic,4,White,Good,2,18034
CAR0323,Nissan,2019,45511,4.0,Diesel,Automatic,4,Silver,Excellent,3,34254
CAR0324,Chevrolet,2011,53243,2.0,Petrol,Manual,2,Black,Excellent,0,25053
CAR0325,Mercedes,2010,115131,1.8,Hybrid,Automatic,4,Silver,Good,2,27484
CAR0326,BMW,2008,28750,1.4,Petrol,Automatic,2,White,Excellent,3,34224
CAR0327,Toyota,2023,148382,1.2,Petrol,Automatic,2,Black,Poor,0,12642
CAR0328,Mercedes,2009,55398,1.4,Diesel,Automatic,4,White,Poor,2,19302
CAR0329,Audi,2007,44345,3.5,Hybrid,Manual,2,Red,Good,1,36366
CAR0330,Volkswagen,2013,93430,1.4,Hybrid,Automatic,2,Black,Good,1,23176
CAR0331,BMW,2010,114921,1.4,Petrol,Manual,4,Silver,Good,0,28463
CAR0332,Audi,2017,91729,1.0,Hybrid,Manual,2,White,Fair,3,28148
CAR0333,Honda,2008,51843,1.2,Petrol,Automatic,2,Blue,Good,3,15223
CAR0334,BMW,2006,141294,1.4,Petrol,Automatic,2,Silver,Excellent,2,23389
CAR0335,Audi,2008,162581,1.2,Electric,Automatic,4,Silver,Fair,0,17533
CAR0336,BMW,2012,131458,3.0,Hybrid,Automatic,4,Black,Fair,3,25042
CAR0337,Mercedes,2017,64334,2.0,Diesel,Manual,4,Grey,Good,1,46996
CAR0338,Nissan,2014,67170,2.5,Diesel,Automatic,4,Silver,Poor,0,14116
CAR0339,Toyota,2022,40878,1.0,Electric,Manual,4,White,Poor,1,20185
CAR0340,Toyota,2013,169421,2.0,Electric,Automatic,2,Blue,Good,0,17401
CAR0341,Audi,2005,153024,1.2,Hybrid,Manual,2,Red,Good,2,16619
CAR0342,Audi,2017,90352,2.0,Diesel,Automatic,4,Blue,Poor,3,19964
CAR0343,BMW,2022,152601,1.4,Hybrid,Manual,4,White,Good,3,42251
CAR0344,Honda,2019,172593,2.5,Hybrid,Automatic,4,Black,Good,3,22576
CAR0345,Audi,2006,18383,1.4,Petrol,Automatic,4,White,Excellent,1,33532
CAR0346,BMW,2015,135973,3.5,Electric,Automatic,4,Grey,Fair,3,32384
CAR0347,Hyundai,2018,42889,1.4,Diesel,Automatic,2,Grey,Fair,0,18008
CAR0348,Toyota,2019,14633,2.5,Petrol,Automatic,4,Grey,Excellent,1,36358
CAR0349,Audi,2018,62244,1.6,Diesel,Automatic,4,Silver,Poor,2,26957
CAR0350,Mercedes,2020,129177,3.0,Petrol,Automatic,4,Black,Fair,1,38730
CAR0351,Ford,2019,150235,1.2,Diesel,Manual,4,Grey,Fair,2,15442
CAR0352,BMW,2023,190091,3.0,Hybrid,Manual,4,Red,Excellent,1,54466
CAR0353,Toyota,2013,141779,3.5,Petrol,Manual,4,Red,Good,3,22251
CAR0354,Audi,2009,83597,3.0,Petrol,Manual,4,White,Good,2,33333
CAR0355,Nissan,2009,176173,2.0,Hybrid,Manual,4,Grey,Good,3,12011
CAR0356,BMW,2015,175778,4.0,Petrol,Automatic,4,Silver,Good,1,40766
CAR0357,Honda,2008,15115,1.0,Petrol,Manual,4,Red,Fair,2,14537
CAR0358,Audi,2022,75379,2.5,Petrol,Manual,4,Blue,Good,0,50653
CAR0359,BMW,2007,39979,1.0,Diesel,Manual,4,Black,Fair,0,21852
CAR0360,Audi,2008,171713,2.5,Diesel,Automatic,2,Blue,Excellent,1,26684
CAR0361,Volkswagen,2018,69377,1.2,Electric,Automatic,4,Red,Good,2,29139
CAR0362,Ford,2011,6416,3.0,Diesel,Manual,2,Red,Excellent,0,26184
CAR0363,Chevrolet,2012,141705,1.2,Electric,Automatic,4,White,Good,3,11897
CAR0364,Chevrolet,2020,128785,1.4,Diesel,Manual,4,White,Good,3,19729
CAR0365,Volkswagen,2019,131666,1.4,Petrol,Automatic,4,Grey,Fair,1,22988
CAR0366,BMW,2011,145465,1.0,Diesel,Automatic,2,Black,Good,3,22010
CAR0367,Honda,2021,166452,1.8,Diesel,Manual,4,Grey,Good,3,23021
CAR0368,Audi,2016,176128,1.8,Diesel,Automatic,4,White,Good,3,28672
CAR0369,BMW,2022,130364,4.0,Petrol,Automatic,4,Silver,Excellent,0,61258
CAR0370,Nissan,2018,97507,1.8,Petrol,Manual,4,Black,Excellent,2,24766
CAR0371,Honda,2019,118243,3.5,Petrol,Automatic,4,Silver,Good,1,26868
CAR0372,Nissan,2019,135933,2.0,Petrol,Manual,4,Grey,Good,2,22552
CAR0373,Volkswagen,2009,103070,2.0,Diesel,Manual,4,White,Fair,2,14422
CAR0374,Mercedes,2020,36126,1.4,Petrol,Manual,2,Black,Good,2,52659
CAR0375,Chevrolet,2009,80382,1.8,Electric,Manual,4,Grey,Fair,0,11403
CAR0376,Chevrolet,2006,164754,4.0,Petrol,Manual,2,Red,Good,3,12962
CAR0377,Audi,2013,18228,2.5,Petrol,Automatic,4,Grey,Poor,1,25849
CAR0378,Ford,2013,24009,1.4,Diesel,Manual,2,Blue,Excellent,2,21265
CAR0379,Volkswagen,2008,94,1.2,Petrol,Manual,4,Red,Good,3,23613
CAR0380,BMW,2019,80636,1.8,Hybrid,Automatic,4,Silver,Good,0,46892
CAR0381,Volkswagen,2015,183293,1.4,Petrol,Automatic,4,Red,Poor,2,11525
CAR0382,BMW,2005,98453,1.8,Petrol,Automatic,4,Grey,Excellent,3,27646
CAR0383,Volkswagen,2022,148502,3.5,Electric,Automatic,2,Red,Good,0,35262
CAR0384,Mercedes,2005,166643,4.0,Diesel,Automatic,4,Blue,Good,3,25279
CAR0385,Hyundai,2012,54486,1.0,Petrol,Automatic,4,Grey,Good,1,18175
CAR0386,Ford,2020,90510,1.6,Petrol,Automatic,4,Blue,Excellent,3,22934
CAR0387,BMW,2022,193366,4.0,Diesel,Automatic,4,Red,Excellent,3,53939
CAR0388,Ford,2013,20860,1.8,Hybrid,Manual,4,Blue,Good,1,24557
CAR0389,Honda,2016,72812,1.2,Hybrid,Manual,4,Red,Good,1,21844
CAR0390,Volkswagen,2023,66087,1.2,Petrol,Automatic,4,Black,Excellent,3,38297
CAR0391,Audi,2022,139558,1.0,Hybrid,Manual,4,Red,Good,1,42017
CAR0392,Toyota,2009,49607,3.0,Petrol,Manual,4,White,Excellent,3,26109
CAR0393,Honda,2006,140817,1.2,Petrol,Automatic,4,Blue,Poor,2,6968
CAR0394,Nissan,2011,106664,1.4,Electric,Automatic,4,Blue,Good,3,12512
CAR0395,Chevrolet,2014,18330,1.2,Petrol,Manual,2,Silver,Fair,0,16028
CAR0396,Toyota,2019,120803,1.6,Petrol,Automatic,4,Silver,Good,1,27040
CAR0397,Mercedes,2011,171150,1.0,Petrol,Automatic,4,White,Poor,2,14936
CAR0398,Volkswagen,2009,186404,1.4,Petrol,Automatic,4,Blue,Good,1,13959
CAR0399,Hyundai,2019,185604,1.8,Diesel,Automatic,4,Blue,Good,1,17270
CAR0400,Mercedes,2019,43336,4.0,Diesel,Automatic,4,Silver,Good,1,60490
CAR0401,BMW,2014,8070,1.0,Petrol,Automatic,4,Silver,Fair,0,36874
CAR0402,Toyota,2018,1320,1.6,Diesel,Manual,4,Red,Good,0,31234
CAR0403,Chevrolet,2014,89043,2.0,Hybrid,Automatic,4,Grey,Good,3,18656
CAR0404,Audi,2021,38921,1.6,Electric,Automatic,4,Blue,Excellent,0,57809
CAR0405,Hyundai,2018,6589,2.5,Petrol,Automatic,2,Blue,Good,1,25264
CAR0406,Ford,2006,195481,2.5,Hybrid,Automatic,2,Red,Good,2,7991
CAR0407,Volkswagen,2020,92995,2.0,Diesel,Manual,4,Blue,Excellent,2,37053
CAR0408,BMW,2017,15589,3.5,Petrol,Automatic,4,White,Good,2,54732
CAR0409,Volkswagen,2013,36375,1.2,Petrol,Manual,4,Silver,Good,1,24556
CAR0410,Mercedes,2011,43085,4.0,Petrol,Manual,4,Silver,Fair,0,38514
CAR0411,Toyota,2020,60840,3.0,Diesel,Manual,4,Grey,Excellent,2,34818
CAR0412,Mercedes,2014,174272,3.0,Petrol,Manual,4,Silver,Good,1,37823
CAR0413,Toyota,2013,98704,4.0,Diesel,Automatic,4,Black,Fair,1,20351
CAR0414,Audi,2011,157804,1.6,Petrol,Manual,4,White,Good,2,23728
CAR0415,Chevrolet,2020,97047,2.0,Hybrid,Manual,4,White,Good,2,23717
CAR0416,Ford,2013,153498,2.0,Petrol,Automatic,4,Red,Fair,3,8551
CAR0417,Audi,2021,30982,1.8,Hybrid,Manual,4,Black,Good,3,48291
CAR0418,Honda,2011,59720,1.0,Hybrid,Manual,4,Blue,Good,1,18938
CAR0419,Chevrolet,2015,147818,1.4,Petrol,Manual,4,Grey,Poor,3,7333
CAR0420,Audi,2012,28514,2.5,Diesel,Manual,4,White,Poor,3,21433
CAR0421,Hyundai,2011,195961,3.0,Petrol,Manual,4,Black,Good,2,11736
CAR0422,Volkswagen,2023,134923,1.2,Hybrid,Manual,4,Black,Excellent,3,32597
CAR0423,Mercedes,2016,150868,1.4,Diesel,Automatic,4,White,Good,1,33892
CAR0424,Chevrolet,2011,76034,1.6,Petrol,Manual,4,Red,Excellent,2,18953
CAR0425,Hyundai,2012,193870,1.8,Petrol,Manual,4,Black,Excellent,3,11784
CAR0426,Mercedes,2011,98388,1.4,Petrol,Automatic,4,Silver,Good,3,30463
CAR0427,Honda,2010,194057,1.8,Hybrid,Manual,4,Black,Poor,3,6020
CAR0428,Nissan,2013,165664,3.0,Diesel,Automatic,2,Blue,Fair,0,14547
CAR0429,Chevrolet,2017,44845,3.0,Hybrid,Automatic,2,White,Good,3,25589
CAR0430,Hyundai,2011,147002,1.2,Petrol,Manual,4,Blue,Good,3,10754
CAR0431,Mercedes,2012,110853,2.0,Petrol,Automatic,4,Red,Excellent,1,42410
CAR0432,Mercedes,2021,108417,1.6,Hybrid,Manual,4,Grey,Excellent,3,52347
CAR0433,Audi,2021,113436,3.5,Petrol,Manual,4,Silver,Excellent,0,55769
CAR0434,Toyota,2020,21159,4.0,Hybrid,Automatic,4,White,Fair,2,25774
CAR0435,Audi,2006,89788,1.2,Petrol,Automatic,2,Black,Excellent,3,23665
CAR0436,Hyundai,2012,24003,3.0,Petrol,Automatic,2,Silver,Fair,3,15538
CAR0437,BMW,2021,105722,1.0,Diesel,Automatic,4,Black,Good,1,43440
CAR0438,Volkswagen,2017,35139,2.0,Hybrid,Manual,4,Red,Excellent,3,35689
CAR0439,Chevrolet,2022,52452,4.0,Hybrid,Automatic,4,Grey,Excellent,3,34485
CAR0440,Audi,2014,22205,1.0,Petrol,Automatic,4,White,Good,3,38556
CAR0441,Mercedes,2006,56955,1.2,Petrol,Automatic,4,Red,Poor,3,13770
CAR0442,Mercedes,2006,7464,1.4,Diesel,Automatic,2,Red,Fair,2,26150
CAR0443,Nissan,2018,9840,3.5,Diesel,Automatic,2,Grey,Good,1,29607
CAR0444,Chevrolet,2020,40768,1.8,Diesel,Manual,4,Red,Good,2,25298
CAR0445,Nissan,2011,140533,4.0,Petrol,Automatic,4,Red,Good,0,23479
CAR0446,Volkswagen,2016,20927,4.0,Hybrid,Manual,4,Black,Poor,3,17947
CAR0447,Honda,2018,98622,1.2,Diesel,Manual,4,Blue,Fair,0,20241
CAR0448,Audi,2008,15329,4.0,Electric,Automatic,4,Black,Good,2,41849
CAR0449,Ford,2008,15791,1.8,Diesel,Manual,4,Grey,Good,0,17860
CAR0450,Hyundai,2022,52627,1.8,Petrol,Automatic,2,Silver,Good,3,24866
CAR0451,Hyundai,2007,128885,1.0,Hybrid,Manual,4,Grey,Good,0,10400
CAR0452,Honda,2005,145444,1.4,Diesel,Automatic,4,Grey,Excellent,2,10930
CAR0453,Chevrolet,2021,179541,1.8,Hybrid,Manual,4,Grey,Good,3,17639
CAR0454,Audi,2011,109554,3.5,Hybrid,Manual,2,Grey,Poor,1,20611
CAR0455,Volkswagen,2020,130436,4.0,Diesel,Manual,4,Red,Good,2,34307
CAR0456,Toyota,2009,87073,1.0,Diesel,Automatic,2,Grey,Excellent,3,17526
CAR0457,Nissan,2023,34370,3.0,Petrol,Manual,4,Silver,Fair,1,25242
CAR0458,Honda,2011,51408,1.0,Petrol,Automatic,4,Grey,Good,0,20294
CAR0459,Toyota,2018,90941,3.5,Petrol,Manual,4,Black,Excellent,0,32050
CAR0460,Nissan,2006,154775,2.0,Petrol,Manual,4,Red,Good,0,10835
CAR0461,Honda,2007,146306,1.0,Petrol,Manual,4,Black,Good,3,11321
CAR0462,Hyundai,2021,138604,3.0,Petrol,Manual,4,Red,Good,0,23964
CAR0463,Hyundai,2020,35416,1.8,Petrol,Automatic,4,Black,Good,0,25229
CAR0464,Mercedes,2012,72439,2.5,Petrol,Automatic,2,White,Fair,1,32866
CAR0465,Nissan,2022,18242,2.5,Petrol,Manual,4,Blue,Good,1,32992
CAR0466,Ford,2019,181326,2.5,Petrol,Automatic,4,Blue,Fair,1,18014
CAR0467,Volkswagen,2011,79324,2.0,Diesel,Automatic,4,Red,Excellent,3,24294
CAR0468,BMW,2013,35249,3.0,Diesel,Manual,4,White,Fair,2,34676
CAR0469,Chevrolet,2010,100124,3.5,Petrol,Manual,4,Silver,Good,0,18979
CAR0470,Chevrolet,2022,95049,1.2,Diesel,Automatic,4,White,Good,0,25691
CAR0471,Nissan,2022,85078,2.5,Electric,Manual,4,Red,Good,3,27031
CAR0472,Honda,2018,32294,1.2,Petrol,Manual,4,White,Good,0,30743
CAR0473,Honda,2018,190856,2.0,Diesel,Manual,2,Silver,Excellent,3,21336
CAR0474,BMW,2018,134756,1.2,Hybrid,Automatic,2,Red,Fair,3,30574
CAR0475,Volkswagen,2008,154867,4.0,Electric,Manual,4,Blue,Excellent,3,20626
CAR0476,Audi,2008,191373,2.0,Petrol,Manual,4,Grey,Excellent,2,19445
CAR0477,Volkswagen,2019,141503,1.2,Diesel,Manual,4,White,Good,3,23277
CAR0478,Audi,2019,89627,1.0,Petrol,Manual,2,Blue,Fair,2,32366
CAR0479,BMW,2022,90381,2.5,Diesel,Manual,4,Blue,Excellent,2,57882
CAR0480,Audi,2018,90027,1.4,Hybrid,Automatic,4,Black,Poor,0,23247
CAR0481,Ford,2005,186444,1.6,Diesel,Manual,4,Silver,Poor,1,5797
CAR0482,Mercedes,2014,70366,2.0,Hybrid,Automatic,4,Grey,Good,2,42552
CAR0483,Volkswagen,2014,94176,1.8,Petrol,Manual,4,White,Good,2,22520
CAR0484,Audi,2014,119667,1.6,Hybrid,Automatic,2,Blue,Fair,1,24330
CAR0485,Hyundai,2006,72870,3.5,Diesel,Automatic,4,Blue,Good,2,16884
CAR0486,Ford,2012,47387,2.0,Petrol,Manual,4,Silver,Good,1,17871
CAR0487,Volkswagen,2005,183999,2.0,Diesel,Automatic,4,Grey,Poor,0,8675
CAR0488,Audi,2005,9304,1.2,Petrol,Automatic,2,Grey,Poor,3,15911
CAR0489,Hyundai,2008,17032,2.0,Petrol,Automatic,4,Blue,Poor,1,6874
CAR0490,BMW,2011,91291,2.5,Electric,Manual,4,Blue,Good,3,34047
CAR0491,BMW,2013,112889,3.0,Petrol,Automatic,4,Blue,Excellent,1,41265
CAR0492,Nissan,2020,59486,3.0,Electric,Automatic,2,Blue,Good,3,25818
CAR0493,Chevrolet,2009,65552,3.5,Petrol,Automatic,2,Black,Good,0,19414
CAR0494,Toyota,2006,160726,4.0,Petrol,Automatic,2,Black,Good,2,13838
CAR0495,Hyundai,2015,39244,1.4,Hybrid,Automatic,4,Grey,Good,0,24781
CAR0496,Nissan,2022,137014,4.0,Petrol,Automatic,2,Red,Good,2,29445
CAR0497,Ford,2023,50697,2.5,Diesel,Automatic,4,White,Fair,3,23868
CAR0498,Audi,2017,126031,2.5,Diesel,Automatic,2,Silver,Fair,3,29075
CAR0499,Volkswagen,2015,2693,1.0,Diesel,Manual,4,Red,Fair,2,22316
CAR0500,Honda,2023,187823,3.0,Hybrid,Automatic,2,Black,Excellent,1,32976
CAR0501,Hyundai,2021,81098,1.6,Diesel,Manual,4,Black,Excellent,0,28538
CAR0502,Toyota,2009,6259,1.8,Petrol,Automatic,4,Black,Fair,1,19026
CAR0503,Honda,2017,119746,2.0,Hybrid,Manual,4,Red,Good,3,19976
CAR0504,Mercedes,2005,107772,1.4,Petrol,Manual,4,Black,Good,0,22207
CAR0505,Toyota,2014,117928,1.8,Diesel,Automatic,2,Red,Excellent,0,25569
CAR0506,Nissan,2012,136014,4.0,Hybrid,Manual,4,Black,Good,1,21558
CAR0507,Toyota,2012,47419,1.8,Diesel,Automatic,4,Blue,Good,2,20916
CAR0508,Audi,2023,102092,1.0,Electric,Automatic,2,Blue,Fair,2,34699
CAR0509,Volkswagen,2010,56105,1.4,Diesel,Manual,4,White,Poor,0,11843
CAR0510,Ford,2016,196979,1.4,Electric,Manual,2,Black,Good,2,14334
CAR0511,Honda,2011,158455,1.0,Hybrid,Automatic,4,White,Good,3,10014
CAR0512,Toyota,2020,23404,2.5,Petrol,Manual,4,Red,Fair,1,28322
CAR0513,Audi,2013,72656,1.0,Petrol,Automatic,4,White,Good,1,32337
CAR0514,BMW,2014,136774,2.5,Diesel,Automatic,4,Black,Good,1,34809
CAR0515,Toyota,2014,100965,1.6,Diesel,Manual,2,Red,Poor,0,11713
CAR0516,Toyota,2014,56332,3.5,Petrol,Manual,4,Red,Fair,0,21354
CAR0517,Chevrolet,2020,170491,2.5,Petrol,Automatic,2,Blue,Poor,2,12013
CAR0518,Honda,2005,103182,1.8,Petrol,Automatic,4,Red,Excellent,1,16935
CAR0519,Chevrolet,2021,111395,2.5,Hybrid,Manual,2,Red,Good,3,24007
CAR0520,Chevrolet,2018,102619,3.5,Diesel,Manual,4,White,Fair,3,19764
CAR0521,Volkswagen,2023,108269,4.0,Petrol,Automatic,4,Grey,Excellent,1,45963
CAR0522,Audi,2021,73844,2.0,Petrol,Automatic,4,Red,Fair,0,39663
CAR0523,Chevrolet,2018,170314,1.0,Petrol,Manual,4,Silver,Excellent,0,19225
CAR0524,Toyota,2012,124983,2.0,Petrol,Manual,4,Grey,Fair,0,16402
CAR0525,Nissan,2013,34142,1.0,Petrol,Automatic,4,Blue,Good,3,15907
CAR0526,Nissan,2012,109699,1.6,Hybrid,Automatic,4,Blue,Excellent,1,21218
CAR0527,BMW,2017,96226,3.0,Hybrid,Automatic,4,Red,Good,3,44243
CAR0528,Nissan,2021,7393,1.8,Petrol,Automatic,4,White,Good,1,32623
CAR0529,BMW,2023,102281,1.8,Petrol,Automatic,4,Grey,Good,3,46679
CAR0530,Nissan,2011,159965,4.0,Petrol,Automatic,4,Blue,Good,3,18175
CAR0531,Mercedes,2021,9388,3.0,Diesel,Automatic,2,Blue,Fair,2,47557
CAR0532,BMW,2005,62969,3.0,Petrol,Automatic,4,Silver,Good,3,29567
CAR0533,Hyundai,2009,36660,1.0,Petrol,Automatic,2,Red,Good,1,13277
CAR0534,Honda,2010,89244,1.8,Petrol,Manual,2,Grey,Excellent,3,21535
CAR0535,Honda,2006,155798,1.8,Electric,Manual,4,Blue,Poor,2,7293
CAR0536,Honda,2020,79544,3.0,Diesel,Automatic,4,Blue,Excellent,2,32736
CAR0537,Audi,2009,194068,1.0,Diesel,Manual,4,Blue,Good,1,17436
CAR0538,Volkswagen,2009,131183,2.5,Petrol,Automatic,2,Blue,Fair,2,14432
CAR0539,Ford,2016,115370,2.5,Hybrid,Manual,4,White,Excellent,2,22643
CAR0540,Volkswagen,2007,17545,3.5,Hybrid,Automatic,4,Black,Good,0,27452
CAR0541,BMW,2020,171240,1.2,Petrol,Manual,2,Silver,Excellent,1,41670
CAR0542,Volkswagen,2010,133451,1.4,Petrol,Automatic,4,White,Fair,2,14392
CAR0543,Nissan,2019,87346,1.6,Diesel,Automatic,4,Silver,Good,2,23116
CAR0544,BMW,2019,172192,1.0,Petrol,Manual,4,Blue,Fair,2,30195
CAR0545,Volkswagen,2020,17809,2.5,Petrol,Automatic,2,Silver,Fair,1,28948
CAR0546,Volkswagen,2017,183885,4.0,Diesel,Manual,4,Red,Good,0,28256
CAR0547,Chevrolet,2016,27967,1.4,Diesel,Manual,4,Red,Fair,3,16940
CAR0548,Mercedes,2014,140820,1.4,Petrol,Manual,4,Black,Good,0,35377
CAR0549,Audi,2018,23424,1.4,Diesel,Manual,4,Black,Good,1,45265
CAR0550,BMW,2006,154986,3.0,Hybrid,Automatic,2,Silver,Good,1,25250
CAR0551,Ford,2007,108411,3.5,Petrol,Manual,4,White,Poor,1,9836
CAR0552,Honda,2013,150563,4.0,Diesel,Automatic,4,White,Good,3,19397
CAR0553,Toyota,2015,180526,1.2,Petrol,Manual,2,Blue,Good,1,15638
CAR0554,Hyundai,2015,70069,4.0,Petrol,Automatic,4,White,Good,0,25795
CAR0555,Volkswagen,2014,182997,4.0,Diesel,Manual,4,Black,Good,2,25936
CAR0556,Honda,2018,89119,1.0,Petrol,Automatic,2,White,Excellent,2,23658
CAR0557,Nissan,2013,37049,3.5,Petrol,Automatic,4,Blue,Good,1,23595
CAR0558,Hyundai,2014,27821,2.0,Petrol,Automatic,4,Red,Good,1,19361
CAR0559,Mercedes,2013,95797,3.5,Diesel,Manual,4,White,Good,3,43622
CAR0560,Honda,2009,161017,2.0,Diesel,Automatic,4,White,Good,2,14544
CAR0561,Chevrolet,2012,148456,1.2,Petrol,Manual,4,Black,Good,3,10466
CAR0562,Honda,2015,159482,1.0,Diesel,Manual,4,Silver,Fair,3,15210
CAR0563,Mercedes,2005,77734,3.0,Petrol,Manual,4,Red,Poor,3,16531
CAR0564,Honda,2014,194838,1.4,Diesel,Manual,4,Silver,Good,3,15774
CAR0565,Volkswagen,2005,138241,1.0,Petrol,Automatic,2,Blue,Excellent,0,15134
CAR0566,Honda,2011,171201,3.0,Diesel,Automatic,4,Blue,Poor,1,8624
CAR0567,Chevrolet,2018,97445,1.0,Hybrid,Manual,2,Silver,Fair,1,15153
CAR0568,Audi,2009,3830,3.0,Hybrid,Manual,2,Black,Good,3,37105
CAR0569,Mercedes,2021,187378,1.0,Petrol,Manual,4,Grey,Excellent,3,40225
CAR0570,Chevrolet,2010,86940,3.5,Hybrid,Automatic,4,Black,Excellent,0,22529
CAR0571,BMW,2020,196339,3.5,Petrol,Automatic,4,Grey,Excellent,3,45861
CAR0572,Honda,2015,158829,3.5,Hybrid,Manual,4,Grey,Excellent,0,26373
CAR0573,Ford,2014,63867,1.4,Petrol,Automatic,4,Black,Poor,0,15329
CAR0574,Honda,2019,166722,1.6,Petrol,Automatic,4,Grey,Good,3,20762
CAR0575,Mercedes,2011,164838,1.8,Petrol,Automatic,4,Grey,Good,1,27164
CAR0576,Hyundai,2006,32419,2.0,Petrol,Automatic,4,Grey,Fair,0,12130
CAR0577,Chevrolet,2016,16668,3.5,Diesel,Automatic,4,Red,Fair,1,20653
CAR0578,Ford,2023,147318,1.6,Hybrid,Automatic,4,Blue,Fair,1,21484
CAR0579,BMW,2016,24996,2.0,Diesel,Manual,4,Grey,Poor,0,27041
CAR0580,Nissan,2020,51312,1.0,Diesel,Manual,4,Blue,Good,2,24831
CAR0581,BMW,2010,134137,1.2,Electric,Manual,2,Blue,Poor,0,16566
CAR0582,Chevrolet,2007,10467,3.0,Petrol,Automatic,4,Red,Fair,2,16471
CAR0583,Hyundai,2006,181718,1.6,Petrol,Automatic,4,Blue,Excellent,0,9762
CAR0584,Chevrolet,2009,152079,4.0,Petrol,Manual,4,Silver,Good,0,15664
CAR0585,Toyota,2015,199151,2.5,Petrol,Manual,4,White,Good,1,19480
CAR0586,Ford,2007,28702,1.6,Petrol,Automatic,4,Red,Poor,1,11639
CAR0587,Hyundai,2007,94369,3.5,Petrol,Automatic,4,White,Good,3,14184
CAR0588,Ford,2009,75569,3.5,Petrol,Automatic,4,Silver,Good,1,18291
CAR0589,Chevrolet,2015,53952,1.6,Petrol,Automatic,4,Black,Excellent,1,24230
CAR0590,Audi,2007,189137,3.0,Hybrid,Automatic,4,Black,Good,1,19107
CAR0591,Ford,2017,34169,2.0,Petrol,Manual,4,Grey,Excellent,1,28251
CAR0592,Toyota,2012,16829,1.0,Diesel,Manual,4,Black,Good,3,23301
CAR0593,Volkswagen,2014,191207,2.5,Diesel,Manual,4,Red,Fair,1,17446
CAR0594,Hyundai,2006,4522,1.0,Diesel,Automatic,4,Black,Excellent,2,16373
CAR0595,Toyota,2008,85687,1.4,Petrol,Manual,4,Red,Good,2,18396
CAR0596,Toyota,2022,166391,3.0,Petrol,Automatic,4,Red,Excellent,3,33709
CAR0597,Nissan,2023,120334,3.5,Petrol,Automatic,2,White,Excellent,1,35136
CAR0598,Audi,2008,157615,1.4,Petrol,Manual,2,Black,Good,2,17141
CAR0599,Honda,2013,118576,1.0,Petrol,Automatic,2,Blue,Excellent,0,18276
CAR0600,Audi,2020,117419,1.0,Diesel,Manual,4,Black,Good,2,39794
CAR0601,Mercedes,2010,161545,2.5,Diesel,Manual,4,Black,Excellent,1,34358
CAR0602,Nissan,2008,7699,1.8,Diesel,Automatic,2,Black,Excellent,2,24560
CAR0603,Chevrolet,2013,68165,1.0,Petrol,Manual,2,Grey,Good,0,16384
CAR0604,Chevrolet,2017,171527,2.0,Petrol,Automatic,4,Blue,Good,2,16579
CAR0605,BMW,2013,75692,2.0,Electric,Automatic,4,Blue,Excellent,1,45487
CAR0606,Honda,2010,17441,1.6,Petrol,Automatic,4,Red,Good,0,21299
CAR0607,Mercedes,2023,30716,2.5,Diesel,Automatic,4,Blue,Fair,3,49075
CAR0608,Ford,2018,62175,2.5,Electric,Manual,4,Red,Fair,0,20557
CAR0609,Audi,2019,6834,3.5,Petrol,Automatic,4,White,Excellent,2,62680
CAR0610,Hyundai,2007,18179,1.0,Petrol,Manual,4,Red,Good,3,11746
CAR0611,Toyota,2009,26219,1.8,Diesel,Manual,2,Black,Good,0,22915
CAR0612,Ford,2022,103153,4.0,Petrol,Manual,2,Silver,Excellent,0,37639
CAR0613,BMW,2018,146854,1.4,Petrol,Manual,2,Silver,Fair,0,30616
CAR0614,Audi,2020,74967,2.5,Petrol,Automatic,4,Grey,Poor,1,26829
CAR0615,Hyundai,2018,102454,1.6,Petrol,Manual,4,Black,Fair,3,16596
CAR0616,BMW,2013,9496,1.6,Diesel,Automatic,2,Red,Fair,3,31197
CAR0617,Toyota,2019,170310,1.0,Electric,Manual,4,Black,Fair,0,19904
CAR0618,Nissan,2011,46025,1.0,Petrol,Automatic,4,Grey,Good,3,15186
CAR0619,Honda,2018,59886,4.0,Hybrid,Automatic,4,Blue,Good,2,30735
CAR0620,Nissan,2010,154635,1.2,Hybrid,Manual,4,Red,Fair,2,11624
CAR0621,Hyundai,2019,3712,1.2,Hybrid,Automatic,4,Black,Good,0,24272
CAR0622,Nissan,2012,94067,1.0,Electric,Manual,4,Blue,Good,2,16421
CAR0623,Hyundai,2006,45489,3.0,Petrol,Manual,2,Grey,Good,0,19308
CAR0624,Mercedes,2012,32664,2.0,Petrol,Automatic,4,Blue,Fair,2,29926
CAR0625,Mercedes,2005,143492,2.0,Diesel,Automatic,4,Red,Excellent,0,27228
CAR0626,Volkswagen,2021,185682,4.0,Diesel,Manual,4,Grey,Good,0,31687
CAR0627,Volkswagen,2023,5315,4.0,Electric,Manual,4,Grey,Poor,3,26499
CAR0628,Nissan,2009,75033,3.5,Hybrid,Manual,4,Grey,Fair,3,13517
CAR0629,Chevrolet,2020,117862,1.8,Diesel,Automatic,4,White,Poor,0,11558
CAR0630,Nissan,2011,79030,1.6,Petrol,Automatic,4,Grey,Good,3,15833
CAR0631,Nissan,2011,63910,2.0,Petrol,Automatic,4,White,Excellent,3,20449
CAR0632,Chevrolet,2022,192044,3.0,Petrol,Automatic,4,Blue,Fair,1,17288
CAR0633,Honda,2022,121075,1.0,Diesel,Automatic,4,White,Good,2,23470
CAR0634,Audi,2006,55919,2.5,Diesel,Automatic,4,Blue,Good,3,25195
CAR0635,Chevrolet,2019,135204,3.0,Electric,Automatic,2,White,Good,0,23262
CAR0636,Hyundai,2018,127153,3.5,Diesel,Automatic,4,Blue,Good,1,22985
CAR0637,Audi,2022,41598,3.0,Hybrid,Automatic,4,Blue,Good,1,54194
CAR0638,Toyota,2013,151623,2.5,Diesel,Automatic,4,Grey,Good,3,18730
CAR0639,Honda,2018,68206,1.4,Electric,Automatic,4,Grey,Good,0,26156
CAR0640,Toyota,2009,74900,1.2,Petrol,Automatic,2,Blue,Fair,0,12759
CAR0641,Volkswagen,2015,26296,1.4,Hybrid,Manual,2,Grey,Good,0,28930
CAR0642,Ford,2012,149138,1.6,Diesel,Manual,4,Blue,Excellent,0,18025
CAR0643,Mercedes,2009,159964,1.6,Petrol,Automatic,4,Grey,Good,0,25107
CAR0644,Toyota,2015,75577,2.0,Petrol,Manual,4,Silver,Good,2,21704
CAR0645,BMW,2009,77173,2.5,Hybrid,Automatic,2,White,Poor,0,22723
CAR0646,Nissan,2021,64771,1.6,Petrol,Manual,4,Blue,Excellent,0,30467
CAR0647,Hyundai,2008,158556,4.0,Diesel,Manual,4,Black,Fair,2,9116
CAR0648,Toyota,2019,77865,2.0,Petrol,Manual,4,Grey,Good,3,26598
CAR0649,Toyota,2023,99074,3.5,Diesel,Manual,2,Grey,Good,1,33317
CAR0650,Ford,2006,158187,2.0,Electric,Manual,4,Red,Excellent,2,12292
CAR0651,Volkswagen,2021,157110,1.4,Petrol,Automatic,4,Black,Good,1,27802
CAR0652,Nissan,2016,36622,1.0,Petrol,Automatic,4,Black,Excellent,1,27845
CAR0653,Nissan,2021,35886,4.0,Hybrid,Automatic,4,Silver,Good,2,32403
CAR0654,Ford,2014,182356,4.0,Electric,Manual,4,White,Good,0,20858
CAR0655,Chevrolet,2022,140973,1.8,Hybrid,Automatic,4,Silver,Fair,1,15371
CAR0656,Ford,2023,56377,4.0,Petrol,Automatic,2,White,Fair,0,27923
CAR0657,BMW,2022,82910,4.0,Petrol,Automatic,2,Blue,Good,3,55410
CAR0658,Audi,2017,180934,1.4,Petrol,Automatic,2,Silver,Good,2,32555
CAR0659,BMW,2018,118992,3.0,Diesel,Manual,4,Red,Good,1,46697
CAR0660,Ford,2020,163878,4.0,Petrol,Manual,4,White,Poor,0,14983
CAR0661,Mercedes,2022,148731,1.0,Petrol,Manual,4,Silver,Good,1,43242
CAR0662,Chevrolet,2022,154525,1.2,Petrol,Manual,2,Red,Good,3,20787
CAR0663,Mercedes,2020,161570,1.4,Petrol,Automatic,4,Black,Excellent,3,41671
CAR0664,BMW,2021,16312,1.4,Electric,Manual,4,Grey,Good,1,52571
CAR0665,Nissan,2011,1436,3.0,Petrol,Automatic,4,Blue,Good,2,26680
CAR0666,BMW,2016,27569,1.8,Diesel,Automatic,2,Blue,Excellent,3,52731
CAR0667,Honda,2006,189885,3.0,Hybrid,Automatic,4,Black,Fair,0,9080
CAR0668,Volkswagen,2014,116787,2.0,Petrol,Automatic,4,Silver,Fair,3,17617
CAR0669,Hyundai,2009,90485,1.2,Diesel,Manual,4,Grey,Good,0,13003
CAR0670,Honda,2007,177058,1.6,Hybrid,Automatic,4,Black,Excellent,1,11906
CAR0671,Ford,2023,102555,3.5,Hybrid,Manual,2,Red,Good,0,30209
CAR0672,Toyota,2017,184249,1.6,Petrol,Automatic,4,Grey,Poor,1,12232
CAR0673,Mercedes,2016,140377,1.8,Petrol,Automatic,4,White,Fair,3,29673
CAR0674,Audi,2007,32646,1.8,Petrol,Automatic,4,Silver,Good,2,31815
CAR0675,Honda,2010,76126,4.0,Diesel,Manual,4,Grey,Excellent,3,23815
CAR0676,Chevrolet,2018,117922,3.0,Diesel,Automatic,2,White,Good,3,21099
CAR0677,Mercedes,2008,40430,2.0,Diesel,Manual,2,Black,Good,3,33143
CAR0678,Honda,2017,122238,4.0,Petrol,Manual,4,Blue,Good,3,24814
CAR0679,Nissan,2023,68659,2.5,Petrol,Automatic,4,Grey,Poor,2,15848
CAR0680,Hyundai,2022,115341,2.0,Diesel,Manual,4,Grey,Good,3,22498
CAR0681,BMW,2007,4158,1.8,Diesel,Automatic,4,White,Excellent,0,42963
CAR0682,BMW,2010,74236,1.8,Diesel,Manual,2,White,Fair,2,27259
CAR0683,Honda,2020,76067,1.4,Petrol,Automatic,4,Blue,Excellent,2,28133
CAR0684,Ford,2007,158810,2.5,Petrol,Automatic,2,White,Poor,0,7600
CAR0685,Chevrolet,2016,9879,4.0,Petrol,Automatic,4,White,Good,1,26302
CAR0686,Ford,2023,136615,1.8,Petrol,Automatic,4,Grey,Poor,3,10767
CAR0687,Mercedes,2023,112284,2.5,Petrol,Automatic,4,Blue,Excellent,2,60304
CAR0688,Volkswagen,2008,178996,1.2,Petrol,Manual,4,Blue,Excellent,3,13088
CAR0689,Hyundai,2005,173420,3.5,Petrol,Automatic,2,Grey,Good,3,10374
CAR0690,Hyundai,2006,84117,3.0,Petrol,Manual,4,Black,Good,0,16816
CAR0691,BMW,2017,167751,1.8,Petrol,Manual,4,Black,Good,0,36550
CAR0692,Hyundai,2017,43888,1.2,Diesel,Manual,4,Grey,Poor,0,12123
CAR0693,Ford,2006,30276,2.0,Petrol,Automatic,4,White,Fair,3,13271
CAR0694,Chevrolet,2023,4799,3.0,Diesel,Automatic,4,Silver,Good,2,31952
CAR0695,Chevrolet,2020,112529,2.5,Diesel,Automatic,4,Black,Excellent,2,25684
CAR0696,BMW,2016,124713,3.0,Diesel,Automatic,4,Black,Fair,1,32570
CAR0697,Honda,2005,90141,1.6,Hybrid,Manual,4,Grey,Fair,3,8115
CAR0698,Chevrolet,2013,191630,1.4,Petrol,Automatic,2,Grey,Good,1,10711
CAR0699,Ford,2021,115013,2.5,Diesel,Manual,4,Silver,Poor,1,15617
CAR0700,Toyota,2014,167606,1.2,Hybrid,Automatic,4,Silver,Excellent,1,20951
CAR0701,Honda,2022,31668,1.8,Hybrid,Manual,2,Blue,Good,1,29958
CAR0702,Volkswagen,2023,135183,2.5,Petrol,Automatic,2,Grey,Excellent,1,35496
CAR0703,Audi,2011,155758,1.0,Petrol,Manual,4,Black,Fair,3,15251
CAR0704,Nissan,2023,72392,1.6,Petrol,Manual,4,Red,Good,0,29145
CAR0705,Hyundai,2019,16490,1.2,Diesel,Manual,4,Red,Good,1,22124
CAR0706,Hyundai,2013,166266,2.0,Diesel,Manual,4,White,Excellent,2,17776
CAR0707,Toyota,2014,145569,1.0,Petrol,Manual,4,Black,Excellent,3,20607
CAR0708,Honda,2008,184588,2.5,Diesel,Manual,4,Red,Excellent,1,15740
CAR0709,BMW,2010,117219,1.4,Diesel,Automatic,4,Black,Good,2,28304
CAR0710,Ford,2008,44104,1.0,Petrol,Automatic,4,Grey,Excellent,1,18073
CAR0711,Toyota,2009,5316,3.0,Hybrid,Automatic,4,Black,Good,0,27025
CAR0712,Nissan,2013,38130,2.5,Electric,Automatic,4,Red,Fair,3,15244
CAR0713,Chevrolet,2016,107294,1.2,Petrol,Automatic,4,Black,Good,0,21254
CAR0714,BMW,2012,29954,2.5,Diesel,Automatic,4,Silver,Fair,2,32376
CAR0715,Audi,2009,113437,1.4,Petrol,Automatic,4,White,Excellent,1,28973
CAR0716,BMW,2015,152724,3.5,Diesel,Manual,4,Blue,Good,0,43985
CAR0717,Toyota,2015,145250,3.0,Hybrid,Automatic,4,Red,Good,0,23581
CAR0718,Volkswagen,2017,182235,1.8,Hybrid,Manual,4,Grey,Excellent,1,26650
CAR0719,Toyota,2018,145823,2.5,Petrol,Automatic,4,Blue,Excellent,3,27604
CAR0720,Toyota,2012,197033,1.4,Petrol,Automatic,4,White,Fair,2,8323
CAR0721,Toyota,2022,134116,1.0,Petrol,Manual,4,Silver,Poor,3,11870
CAR0722,BMW,2023,63165,1.0,Diesel,Automatic,4,Silver,Excellent,2,59914
CAR0723,Toyota,2016,142552,1.2,Petrol,Manual,4,Silver,Good,2,20248
CAR0724,Honda,2016,196511,3.0,Diesel,Manual,4,Silver,Poor,0,12558
CAR0725,BMW,2022,174946,1.0,Petrol,Manual,4,Red,Excellent,1,43631
CAR0726,Chevrolet,2014,66775,1.8,Petrol,Automatic,4,Red,Good,3,18744
CAR0727,Honda,2011,137638,3.5,Petrol,Automatic,4,Black,Poor,0,13171
CAR0728,Nissan,2022,85311,3.5,Hybrid,Automatic,4,Grey,Poor,0,19140
CAR0729,Chevrolet,2016,53149,1.2,Diesel,Manual,4,Black,Good,0,23262
CAR0730,Audi,2018,134078,2.5,Petrol,Automatic,4,Grey,Excellent,3,42625
CAR0731,Hyundai,2019,72561,1.0,Petrol,Automatic,4,White,Excellent,0,23930
CAR0732,BMW,2020,150495,1.4,Diesel,Manual,4,Black,Fair,1,32840
CAR0733,Hyundai,2006,90710,2.0,Petrol,Automatic,4,White,Poor,0,11411
CAR0734,BMW,2022,92199,3.5,Diesel,Manual,4,White,Good,0,57045
CAR0735,Chevrolet,2016,165024,4.0,Electric,Manual,4,White,Fair,2,17678
CAR0736,Audi,2020,27326,1.2,Diesel,Automatic,4,Silver,Fair,0,38013
CAR0737,Ford,2017,117272,2.5,Diesel,Automatic,2,Blue,Good,3,20548
CAR0738,Ford,2021,31139,1.6,Diesel,Manual,4,Blue,Fair,3,20355
CAR0739,Honda,2022,193175,1.2,Hybrid,Manual,4,Red,Good,1,21525
CAR0740,Toyota,2007,191929,1.4,Hybrid,Manual,4,White,Good,3,10500
CAR0741,Toyota,2014,73638,2.0,Diesel,Manual,2,Silver,Excellent,3,27759
CAR0742,Ford,2005,72652,4.0,Petrol,Manual,4,Black,Fair,0,14120
CAR0743,Chevrolet,2010,12937,3.5,Diesel,Manual,4,Black,Good,1,20056
CAR0744,Audi,2007,30161,3.0,Petrol,Automatic,2,Red,Good,3,33360
CAR0745,Honda,2023,135455,4.0,Diesel,Manual,2,Red,Fair,1,23194
CAR0746,Chevrolet,2008,85856,3.5,Diesel,Automatic,2,White,Good,1,17734
CAR0747,Toyota,2007,70043,1.6,Petrol,Automatic,4,White,Poor,2,7542
CAR0748,Honda,2012,145807,1.6,Petrol,Manual,2,Black,Excellent,2,20220
CAR0749,Hyundai,2012,59919,3.5,Diesel,Manual,4,Black,Good,0,23170
CAR0750,Mercedes,2011,82055,3.0,Hybrid,Automatic,4,Black,Excellent,3,45998
CAR0751,Nissan,2006,198633,1.2,Diesel,Manual,4,Black,Poor,0,6569
CAR0752,Honda,2010,85455,3.0,Diesel,Manual,4,Blue,Excellent,0,25614
CAR0753,Toyota,2020,168694,1.0,Petrol,Manual,4,White,Good,1,22642
CAR0754,Chevrolet,2014,38135,3.5,Diesel,Automatic,2,White,Fair,1,21439
CAR0755,Hyundai,2008,166730,3.5,Petrol,Automatic,4,Black,Good,1,13455
CAR0756,Nissan,2017,84677,3.0,Diesel,Automatic,4,Silver,Poor,0,16727
CAR0757,Nissan,2014,29696,1.8,Petrol,Automatic,4,Black,Fair,3,15472
CAR0758,Honda,2018,134845,1.8,Diesel,Manual,4,Grey,Good,0,23489
CAR0759,Nissan,2013,24956,1.4,Petrol,Manual,2,Red,Excellent,0,29783
CAR0760,Hyundai,2015,15819,1.8,Petrol,Manual,4,Grey,Good,0,24450
CAR0761,Audi,2022,1528,1.6,Hybrid,Manual,4,Silver,Good,2,52201
CAR0762,Chevrolet,2015,127781,1.0,Petrol,Manual,2,Red,Fair,2,12494
CAR0763,Honda,2021,86491,3.5,Petrol,Manual,4,Silver,Poor,3,16768
CAR0764,Nissan,2006,44588,4.0,Diesel,Manual,4,Red,Excellent,2,23553
CAR0765,Audi,2007,99152,1.6,Hybrid,Manual,4,Black,Good,0,24633
CAR0766,Chevrolet,2015,127872,1.4,Petrol,Manual,4,Black,Good,2,16996
CAR0767,BMW,2022,151583,2.0,Diesel,Automatic,4,Silver,Excellent,2,50988
CAR0768,Audi,2007,10119,1.0,Hybrid,Automatic,2,Red,Good,0,30769
CAR0769,BMW,2019,75893,1.8,Petrol,Automatic,4,Blue,Good,3,44619
CAR0770,BMW,2015,16167,2.5,Petrol,Manual,4,Silver,Good,2,47856
CAR0771,Audi,2015,187575,1.2,Petrol,Automatic,2,Silver,Good,0,26445
CAR0772,Nissan,2015,110782,4.0,Electric,Manual,4,Grey,Fair,0,21096
CAR0773,BMW,2023,130775,3.5,Petrol,Manual,4,White,Excellent,0,62983
CAR0774,Nissan,2005,34889,2.0,Petrol,Manual,4,Silver,Fair,1,15201
CAR0775,Nissan,2009,45678,1.2,Diesel,Automatic,2,Blue,Good,0,18793
CAR0776,Chevrolet,2014,60262,3.0,Diesel,Automatic,4,Black,Fair,2,16104
CAR0777,Volkswagen,2014,135753,3.0,Petrol,Manual,4,Red,Good,2,23940
CAR0778,Hyundai,2018,80291,1.0,Diesel,Manual,4,White,Fair,0,15123
CAR0779,Nissan,2006,66008,1.0,Petrol,Manual,4,Red,Fair,1,11890
CAR0780,Chevrolet,2008,144762,1.0,Petrol,Manual,4,Black,Good,1,7299
CAR0781,Mercedes,2006,25912,1.6,Diesel,Manual,4,Silver,Good,1,34375
CAR0782,BMW,2022,6473,1.6,Hybrid,Manual,2,Grey,Poor,2,34112
CAR0783,Honda,2017,172370,3.0,Petrol,Automatic,4,Blue,Fair,1,13268
CAR0784,Nissan,2023,149741,1.0,Hybrid,Manual,4,White,Poor,3,13860
CAR0785,Audi,2009,99500,4.0,Diesel,Manual,4,Blue,Fair,3,28006
CAR0786,BMW,2006,152015,1.4,Petrol,Manual,4,Blue,Good,1,18563
CAR0787,BMW,2015,38785,1.0,Diesel,Manual,4,Blue,Excellent,3,43548
CAR0788,Mercedes,2022,100956,3.5,Petrol,Automatic,4,Blue,Good,0,56792
CAR0789,Honda,2010,194499,4.0,Hybrid,Manual,4,Black,Poor,1,8945
CAR0790,Chevrolet,2014,193073,3.5,Hybrid,Automatic,4,Blue,Good,1,19156
CAR0791,Mercedes,2021,192796,2.5,Petrol,Automatic,4,Grey,Excellent,1,49131
CAR0792,Hyundai,2015,119006,3.0,Petrol,Automatic,4,Blue,Fair,0,17953
CAR0793,BMW,2023,10832,1.0,Petrol,Automatic,2,Black,Fair,0,44250
CAR0794,Nissan,2021,136457,1.8,Petrol,Automatic,2,Red,Good,1,23859
CAR0795,Nissan,2008,145780,1.2,Petrol,Automatic,2,Black,Good,2,8553
CAR0796,Mercedes,2018,189672,1.0,Petrol,Manual,4,Grey,Good,2,30720
CAR0797,Hyundai,2008,154510,1.4,Diesel,Automatic,2,Grey,Excellent,3,12450
CAR0798,Ford,2018,82747,2.5,Petrol,Automatic,4,Silver,Fair,0,19726
CAR0799,Toyota,2008,80107,1.0,Electric,Automatic,4,Black,Good,3,14985
CAR0800,Audi,2010,191134,1.2,Electric,Automatic,2,Red,Fair,3,16416
CAR0801,Audi,2013,65428,1.2,Diesel,Automatic,4,Silver,Fair,1,26927
CAR0802,Ford,2016,86843,1.6,Hybrid,Automatic,2,Silver,Good,2,19648
CAR0803,BMW,2012,11002,1.4,Petrol,Automatic,4,White,Good,3,40538
CAR0804,Chevrolet,2008,167225,1.4,Petrol,Automatic,4,Blue,Good,1,10110
CAR0805,Honda,2009,153512,4.0,Diesel,Automatic,4,Silver,Good,0,19930
CAR0806,Ford,2010,67501,1.8,Diesel,Automatic,2,Silver,Good,3,17358
CAR0807,Hyundai,2009,32556,1.4,Diesel,Automatic,4,Grey,Fair,2,12348
CAR0808,Nissan,2023,67963,2.5,Hybrid,Automatic,4,Red,Good,0,32183
CAR0809,Toyota,2012,6563,1.8,Hybrid,Automatic,4,Silver,Fair,1,20033
CAR0810,BMW,2013,5840,1.6,Diesel,Manual,4,Red,Excellent,0,51789
CAR0811,Toyota,2019,15154,1.4,Electric,Manual,4,Blue,Excellent,3,33958
CAR0812,Honda,2008,24194,1.6,Petrol,Automatic,4,Grey,Poor,0,11877
CAR0813,Nissan,2013,196092,1.2,Petrol,Automatic,4,White,Good,0,14106
CAR0814,Hyundai,2011,177933,1.0,Diesel,Manual,2,White,Good,0,7946
CAR0815,Audi,2012,153520,1.4,Petrol,Manual,4,Blue,Good,2,26921
CAR0816,Honda,2019,23528,1.2,Petrol,Automatic,4,Blue,Excellent,3,28832
CAR0817,Ford,2023,160474,1.0,Petrol,Automatic,4,Grey,Fair,1,15362
CAR0818,Audi,2019,4352,1.0,Diesel,Automatic,4,Grey,Excellent,2,52448
CAR0819,Audi,2009,184,1.2,Petrol,Automatic,4,Black,Good,3,29914
CAR0820,Hyundai,2023,141456,3.5,Diesel,Manual,4,Silver,Good,1,26295
CAR0821,Ford,2011,14319,1.8,Petrol,Manual,4,Silver,Poor,1,12671
CAR0822,Mercedes,2010,120497,3.5,Petrol,Manual,2,Silver,Good,1,36422
CAR0823,Honda,2023,151521,3.0,Petrol,Automatic,4,Red,Excellent,3,30180
CAR0824,Chevrolet,2021,56333,2.0,Petrol,Manual,4,Black,Good,1,24824
CAR0825,Volkswagen,2014,41205,1.0,Hybrid,Automatic,4,Silver,Excellent,1,30675
CAR0826,Nissan,2023,10426,4.0,Petrol,Automatic,4,Red,Excellent,2,38419
CAR0827,Hyundai,2015,7504,1.8,Petrol,Automatic,4,Red,Excellent,1,25729
CAR0828,Nissan,2019,187650,1.0,Diesel,Automatic,4,White,Good,0,16523
CAR0829,Honda,2014,189281,2.5,Diesel,Manual,4,Red,Excellent,2,20969
CAR0830,Ford,2015,116775,4.0,Petrol,Automatic,4,Blue,Good,2,21798
CAR0831,Chevrolet,2007,33368,3.0,Petrol,Manual,4,Grey,Poor,3,9974
CAR0832,Volkswagen,2007,103841,3.0,Hybrid,Manual,4,Red,Fair,1,17785
CAR0833,Toyota,2022,183257,2.5,Diesel,Manual,2,Blue,Excellent,0,32812
CAR0834,Chevrolet,2015,116744,1.2,Petrol,Manual,4,Blue,Excellent,0,19164
CAR0835,Hyundai,2022,8724,1.8,Diesel,Automatic,2,White,Good,1,28251
CAR0836,Nissan,2019,136156,1.6,Petrol,Automatic,4,White,Fair,1,18955
CAR0837,Chevrolet,2011,165882,1.8,Petrol,Manual,4,Red,Excellent,3,14626
CAR0838,BMW,2014,82297,4.0,Diesel,Manual,4,White,Fair,0,38755
CAR0839,Ford,2014,125099,3.5,Hybrid,Automatic,4,White,Good,2,17522
CAR0840,Ford,2017,78872,1.6,Petrol,Automatic,4,Grey,Good,3,21285
CAR0841,BMW,2019,151944,3.0,Electric,Manual,4,Silver,Poor,3,22981
CAR0842,Audi,2022,70333,3.0,Petrol,Automatic,4,Red,Fair,2,41670
CAR0843,Audi,2008,199915,1.2,Petrol,Automatic,4,Red,Fair,3,11897
CAR0844,Honda,2021,2596,2.0,Petrol,Automatic,4,Red,Good,1,33338
CAR0845,Mercedes,2007,17167,1.8,Petrol,Manual,4,White,Good,2,34983
CAR0846,Toyota,2006,87844,1.2,Hybrid,Automatic,4,Grey,Good,2,15562
CAR0847,BMW,2008,89751,4.0,Diesel,Automatic,4,White,Good,0,38407
CAR0848,Honda,2005,129817,1.6,Petrol,Automatic,2,Blue,Good,2,11176
CAR0849,Nissan,2019,80520,2.5,Hybrid,Automatic,4,Black,Excellent,3,27448
CAR0850,BMW,2005,58326,1.0,Hybrid,Automatic,4,Black,Excellent,0,29747
CAR0851,Mercedes,2010,77670,3.5,Electric,Manual,4,Black,Good,3,42589
CAR0852,BMW,2011,141854,4.0,Hybrid,Automatic,4,Silver,Fair,1,26933
CAR0853,Mercedes,2023,173074,1.0,Petrol,Automatic,4,White,Poor,1,26225
CAR0854,Mercedes,2016,24022,1.8,Electric,Automatic,4,Blue,Good,0,51062
CAR0855,Mercedes,2005,84458,2.5,Diesel,Manual,4,Blue,Good,0,32564
CAR0856,Ford,2011,145690,3.0,Hybrid,Manual,4,Black,Excellent,3,18916
CAR0857,Chevrolet,2023,148317,1.2,Electric,Automatic,4,Grey,Poor,1,12676
CAR0858,Ford,2017,83796,1.6,Petrol,Automatic,4,Silver,Good,0,23063
CAR0859,Honda,2016,141099,1.2,Electric,Manual,2,Silver,Fair,1,14879
CAR0860,Ford,2016,145058,1.6,Petrol,Automatic,4,Black,Fair,1,16036
CAR0861,Ford,2017,110704,2.0,Petrol,Manual,4,Black,Good,1,18788
CAR0862,Nissan,2018,134598,2.0,Petrol,Automatic,4,White,Good,3,19538
CAR0863,BMW,2016,44361,1.2,Hybrid,Automatic,4,Grey,Poor,3,24169
CAR0864,Ford,2016,198230,1.6,Petrol,Manual,4,Silver,Excellent,1,19625
CAR0865,Volkswagen,2010,38286,1.6,Diesel,Automatic,4,Blue,Good,1,23522
CAR0866,Mercedes,2014,29533,1.0,Petrol,Automatic,4,Black,Poor,1,23931
CAR0867,BMW,2013,149388,1.2,Hybrid,Manual,2,White,Good,2,27478
CAR0868,Audi,2006,139771,1.4,Petrol,Automatic,4,Blue,Fair,2,13641
CAR0869,Nissan,2011,127441,1.8,Electric,Manual,2,Silver,Poor,3,7335
CAR0870,Chevrolet,2013,97079,3.0,Hybrid,Automatic,4,Black,Fair,1,15141
CAR0871,Nissan,2016,100960,2.0,Petrol,Manual,2,Grey,Excellent,2,23912
CAR0872,Mercedes,2009,58465,1.4,Petrol,Manual,4,Black,Good,0,31771
CAR0873,BMW,2005,147745,2.0,Diesel,Manual,2,Grey,Excellent,0,24488
CAR0874,Chevrolet,2019,23395,2.5,Hybrid,Manual,4,White,Fair,1,22314
CAR0875,Toyota,2012,104162,2.0,Electric,Automatic,4,White,Fair,2,17712
CAR0876,Hyundai,2005,130704,4.0,Petrol,Manual,4,Silver,Good,0,16108
CAR0877,Nissan,2022,154779,2.0,Hybrid,Manual,4,Grey,Good,3,23675
CAR0878,Chevrolet,2017,75937,1.0,Petrol,Automatic,4,Black,Excellent,0,24569
CAR0879,Honda,2005,129647,1.4,Diesel,Automatic,4,White,Fair,3,4462
CAR0880,Chevrolet,2009,120650,2.5,Electric,Automatic,4,Black,Fair,0,13055
CAR0881,Hyundai,2022,130744,1.6,Petrol,Automatic,4,Silver,Poor,0,13810
CAR0882,Mercedes,2020,187488,1.6,Electric,Automatic,4,Grey,Fair,2,31599
CAR0883,BMW,2014,91512,2.5,Diesel,Manual,4,Black,Fair,0,33430
CAR0884,Toyota,2008,139830,3.5,Hybrid,Automatic,4,Blue,Fair,0,15124
CAR0885,Honda,2005,67009,1.2,Petrol,Automatic,4,Black,Good,3,15289
CAR0886,Chevrolet,2012,144353,3.5,Petrol,Manual,2,Red,Good,3,17624
CAR0887,Volkswagen,2009,32548,1.4,Electric,Manual,4,Red,Poor,0,14458
CAR0888,Ford,2006,18371,2.0,Petrol,Manual,4,Silver,Good,1,17820
CAR0889,Mercedes,2021,105977,1.6,Petrol,Manual,2,Silver,Good,0,48923
CAR0890,Nissan,2011,150716,1.0,Hybrid,Automatic,4,Silver,Excellent,0,16428
CAR0891,Nissan,2021,154946,3.5,Petrol,Automatic,4,Blue,Good,2,22197
CAR0892,Hyundai,2010,14281,2.0,Hybrid,Automatic,2,Grey,Good,0,18684
CAR0893,Mercedes,2019,199859,3.0,Petrol,Automatic,4,Blue,Good,0,41382
CAR0894,Honda,2009,153361,1.2,Petrol,Manual,4,Black,Excellent,3,13891
CAR0895,Audi,2019,136126,2.5,Electric,Manual,4,White,Good,3,36591
CAR0896,Toyota,2022,100020,2.0,Diesel,Automatic,4,Grey,Excellent,3,31730
CAR0897,Honda,2022,107508,1.2,Diesel,Manual,4,Red,Fair,3,18150
CAR0898,Toyota,2010,66846,1.2,Diesel,Manual,4,Red,Good,0,20038
CAR0899,BMW,2006,94682,1.6,Electric,Automatic,4,Red,Good,1,25558
CAR0900,BMW,2021,180841,1.6,Petrol,Automatic,4,Black,Excellent,2,42884
CAR0901,Mercedes,2008,29312,1.4,Petrol,Manual,4,Black,Good,2,33134
CAR0902,Mercedes,2016,114186,3.0,Petrol,Automatic,2,Silver,Good,1,43951
CAR0903,Nissan,2023,4257,2.5,Diesel,Automatic,4,White,Fair,1,25964
CAR0904,Ford,2006,146918,1.2,Petrol,Manual,4,Silver,Fair,2,6572
CAR0905,Hyundai,2006,153555,1.4,Petrol,Automatic,2,Black,Excellent,0,13277
CAR0906,Ford,2018,26558,4.0,Diesel,Manual,4,Blue,Good,2,27349
CAR0907,Honda,2019,43188,3.5,Petrol,Automatic,2,Silver,Excellent,1,39307
CAR0908,Nissan,2006,144084,1.8,Petrol,Automatic,4,Grey,Poor,0,5466
CAR0909,Toyota,2008,33236,1.2,Diesel,Automatic,4,Black,Poor,2,11803
CAR0910,Audi,2023,45076,1.4,Petrol,Manual,4,Black,Good,0,50194
CAR0911,Chevrolet,2013,48402,3.0,Hybrid,Manual,2,Blue,Good,0,21615
CAR0912,Volkswagen,2011,94467,1.6,Diesel,Manual,4,Blue,Fair,1,18720
CAR0913,BMW,2017,163148,1.2,Petrol,Automatic,4,Blue,Fair,3,24855
CAR0914,Ford,2016,80337,1.2,Diesel,Manual,4,White,Good,2,19539
CAR0915,Hyundai,2007,115827,2.0,Petrol,Manual,4,Grey,Poor,1,6781
CAR0916,Audi,2017,74264,3.0,Electric,Manual,4,Black,Good,2,43235
CAR0917,Audi,2019,17335,2.5,Hybrid,Manual,4,Blue,Good,3,48901
CAR0918,BMW,2018,43773,1.6,Diesel,Manual,4,White,Fair,3,30791
CAR0919,Volkswagen,2013,183230,1.2,Diesel,Automatic,2,Red,Good,3,12385
CAR0920,Mercedes,2017,28570,3.5,Petrol,Manual,4,Grey,Fair,3,44049
CAR0921,Audi,2008,87995,1.6,Petrol,Manual,4,Red,Excellent,2,31845
CAR0922,Honda,2012,40658,3.5,Hybrid,Automatic,4,Red,Good,0,28890
CAR0923,Honda,2007,190256,1.8,Petrol,Automatic,2,Black,Excellent,0,11469
CAR0924,Mercedes,2006,120640,2.5,Petrol,Manual,4,White,Good,3,25948
CAR0925,Toyota,2023,72613,1.8,Petrol,Manual,4,White,Good,3,26616
CAR0926,Nissan,2012,58194,1.2,Diesel,Automatic,4,Red,Poor,0,11527
CAR0927,Mercedes,2021,198579,2.0,Petrol,Manual,4,Grey,Good,1,41990
CAR0928,Volkswagen,2017,111872,2.5,Hybrid,Automatic,4,Silver,Fair,3,20619
CAR0929,Honda,2011,165031,2.0,Petrol,Manual,2,Red,Good,0,15828
CAR0930,Audi,2013,184144,1.4,Petrol,Manual,2,Black,Fair,1,19570
CAR0931,Honda,2016,176660,4.0,Diesel,Automatic,4,Red,Good,0,26039
CAR0932,Chevrolet,2018,171605,3.0,Petrol,Automatic,4,Grey,Good,1,19827
CAR0933,Nissan,2018,108558,1.4,Diesel,Automatic,4,Grey,Good,2,21281
CAR0934,Hyundai,2019,68582,1.8,Petrol,Manual,4,Red,Good,1,25212
CAR0935,Chevrolet,2007,192815,3.5,Petrol,Automatic,4,White,Good,3,10100
CAR0936,Toyota,2019,175590,1.8,Petrol,Manual,4,Red,Good,1,19867
CAR0937,BMW,2023,143775,2.5,Hybrid,Automatic,4,Blue,Poor,1,30640
CAR0938,Chevrolet,2018,49456,2.5,Diesel,Automatic,4,Blue,Fair,3,19677
CAR0939,Toyota,2012,55491,1.8,Electric,Manual,4,Silver,Poor,2,9215
CAR0940,Toyota,2009,8043,1.2,Petrol,Automatic,4,Black,Good,1,21222
CAR0941,Hyundai,2023,103212,1.8,Diesel,Automatic,2,Black,Poor,2,13400
CAR0942,BMW,2008,68340,2.5,Diesel,Automatic,4,White,Fair,0,29388
CAR0943,Ford,2018,141248,2.5,Hybrid,Automatic,4,Black,Good,0,22149
CAR0944,Mercedes,2020,135008,1.6,Diesel,Manual,4,Silver,Good,3,42403
CAR0945,Audi,2010,31174,1.0,Diesel,Manual,4,Blue,Excellent,2,36703
CAR0946,Volkswagen,2010,82632,2.0,Petrol,Manual,4,White,Excellent,3,22939
CAR0947,Volkswagen,2007,88768,1.4,Diesel,Manual,2,Grey,Excellent,3,20192
CAR0948,Volkswagen,2019,125775,1.8,Diesel,Automatic,2,Blue,Excellent,1,30457
CAR0949,Ford,2007,108177,1.6,Hybrid,Automatic,4,Silver,Fair,0,10209
CAR0950,Mercedes,2015,25909,1.2,Petrol,Automatic,4,White,Good,3,43389
CAR0951,Volkswagen,2007,44158,2.5,Petrol,Manual,4,Red,Good,1,20463
CAR0952,Mercedes,2014,139438,1.8,Petrol,Automatic,2,Black,Fair,1,30466
CAR0953,Audi,2022,185409,2.5,Petrol,Automatic,4,Silver,Fair,2,31486
CAR0954,Volkswagen,2005,124296,3.5,Petrol,Automatic,4,White,Poor,0,12602
CAR0955,BMW,2020,59331,1.6,Hybrid,Manual,4,Blue,Good,2,45983
CAR0956,Toyota,2020,193269,1.8,Diesel,Automatic,4,White,Good,2,22497
CAR0957,Volkswagen,2014,181996,3.5,Hybrid,Manual,2,Red,Good,3,22915
CAR0958,Mercedes,2005,159914,4.0,Electric,Manual,4,Silver,Excellent,2,32595
CAR0959,Toyota,2008,148530,1.6,Petrol,Manual,4,White,Excellent,3,17121
CAR0960,Hyundai,2007,87367,1.8,Diesel,Automatic,4,Grey,Good,2,11811
CAR0961,Volkswagen,2009,65382,1.8,Petrol,Automatic,4,Silver,Poor,1,12262
CAR0962,Volkswagen,2016,74319,3.0,Hybrid,Automatic,2,Silver,Excellent,0,34728
CAR0963,Chevrolet,2016,11170,1.6,Petrol,Automatic,4,Blue,Excellent,0,27830
CAR0964,Toyota,2017,119952,1.6,Petrol,Manual,4,Black,Excellent,0,28576
CAR0965,Volkswagen,2016,80145,2.5,Petrol,Automatic,2,Grey,Fair,1,23916
CAR0966,BMW,2020,105626,1.8,Diesel,Automatic,4,Red,Good,1,47234
CAR0967,Audi,2017,176014,2.0,Petrol,Manual,4,White,Good,2,32794
CAR0968,Toyota,2009,16208,2.0,Petrol,Automatic,4,Black,Excellent,2,25458
CAR0969,Audi,2008,166250,2.0,Electric,Manual,4,Blue,Good,2,19011
CAR0970,Nissan,2019,140111,4.0,Electric,Automatic,4,Black,Excellent,2,30973
CAR0971,Mercedes,2016,14990,1.8,Petrol,Manual,4,Silver,Good,0,50401
CAR0972,Hyundai,2023,137513,1.8,Diesel,Manual,4,Silver,Excellent,2,26772
CAR0973,Chevrolet,2023,129327,3.5,Hybrid,Automatic,4,Red,Fair,1,20594
CAR0974,BMW,2015,79314,3.0,Petrol,Manual,2,Grey,Good,1,46062
CAR0975,Hyundai,2010,177031,1.6,Hybrid,Manual,4,White,Fair,1,9390
CAR0976,Chevrolet,2013,26862,2.5,Petrol,Manual,4,White,Good,3,22140
CAR0977,Hyundai,2005,158345,3.0,Diesel,Manual,4,Blue,Good,3,9953
CAR0978,Hyundai,2016,93949,3.5,Diesel,Automatic,4,Red,Excellent,3,23228
CAR0979,Honda,2018,173572,1.8,Diesel,Automatic,4,White,Good,2,19189
CAR0980,Mercedes,2010,130223,1.4,Hybrid,Automatic,2,Grey,Good,0,27128
CAR0981,Ford,2005,3956,1.6,Petrol,Automatic,4,Silver,Good,0,17379
CAR0982,Chevrolet,2006,88789,4.0,Petrol,Manual,4,Red,Fair,2,10455
CAR0983,BMW,2015,89451,2.0,Diesel,Manual,4,Black,Fair,2,31280
CAR0984,Toyota,2007,117782,4.0,Electric,Automatic,2,Red,Fair,3,8636
CAR0985,Hyundai,2014,2365,1.8,Petrol,Automatic,2,Red,Excellent,1,26995
CAR0986,Hyundai,2010,72204,3.5,Electric,Manual,4,Grey,Good,1,17695
CAR0987,Chevrolet,2010,136072,1.4,Petrol,Manual,4,Grey,Excellent,3,12035
CAR0988,Nissan,2006,57072,1.2,Petrol,Automatic,4,White,Good,3,15004
CAR0989,Ford,2014,52499,2.0,Electric,Automatic,4,Blue,Good,0,22875
CAR0990,Hyundai,2010,69211,2.5,Petrol,Automatic,4,Blue,Excellent,3,20127
CAR0991,Volkswagen,2021,143979,1.8,Diesel,Manual,4,Grey,Fair,1,20925
CAR0992,Honda,2018,148408,1.0,Petrol,Automatic,4,White,Good,1,21621
CAR0993,Audi,2009,85220,1.4,Petrol,Manual,4,White,Good,2,26650
CAR0994,Honda,2021,93847,1.4,Diesel,Automatic,4,White,Excellent,0,31459
CAR0995,Ford,2006,183403,1.6,Diesel,Automatic,4,Grey,Good,2,9973
CAR0996,Volkswagen,2013,109459,4.0,Petrol,Automatic,4,Blue,Poor,0,15483
CAR0997,Honda,2016,77755,2.0,Petrol,Manual,4,White,Good,2,24877
CAR0998,Audi,2023,68783,1.8,Petrol,Automatic,4,Grey,Poor,0,30730
CAR0999,Toyota,2011,183581,1.0,Diesel,Automatic,4,Black,Excellent,3,13245
CAR1000,Mercedes,2013,127851,2.0,Hybrid,Automatic,2,Black,Good,1,33672
